シェル,画面,ボタン名称,背景色,文字色,枠色
共通,ログイン,ログイン,#1a365d,#ffffff,#1a365d
HIA総合管理,[緑] 健康保険組合請求管理,戻る,#ffffff,#666666,#cccccc
HIA総合管理,[緑] 健康保険組合請求管理,編集,#e8f4ec,#15803d,#e8f4ec
HIA総合管理,[緑] 健康保険組合請求管理,CSV,#e0f2fe,#0369a1,transparent
HIA総合管理,[緑] 健康保険組合請求管理,編集,#e8f4ec,#15803d,#e8f4ec
HIA総合管理,[緑] 健康保険組合請求管理,CSV,#e0f2fe,#0369a1,transparent
HIA総合管理,[緑] 健康保険組合請求管理,編集,#e8f4ec,#15803d,#e8f4ec
HIA総合管理,[緑] 健康保険組合請求管理,CSV,#e0f2fe,#0369a1,transparent
HIA総合管理,[緑] 健康保険組合請求管理,請求確定,#dbeafe,#1e40af,#93c5fd
HIA総合管理,[緑] 健康保険組合請求管理,編集,#e8f4ec,#15803d,#e8f4ec
HIA総合管理,[緑] 健康保険組合請求管理,CSV,#e0f2fe,#0369a1,transparent
HIA総合管理,[緑] 健康保険組合請求管理,請求確定,#dbeafe,#1e40af,#93c5fd
HIA総合管理,[緑] 健康保険組合請求管理,編集,#e8f4ec,#15803d,#e8f4ec
HIA総合管理,[緑] 健康保険組合請求管理,CSV,#e0f2fe,#0369a1,transparent
HIA総合管理,[緑] 健康保険組合請求管理,編集,#e8f4ec,#15803d,#e8f4ec
HIA総合管理,[緑] 健康保険組合請求管理,CSV,#e0f2fe,#0369a1,transparent
HIA総合管理,[緑] 健康保険組合請求管理,編集,#e8f4ec,#15803d,#e8f4ec
HIA総合管理,[緑] 健康保険組合請求管理,CSV,#e0f2fe,#0369a1,transparent
HIA総合管理,[緑] 医療機関請求一覧,戻る,#ffffff,#666666,#cccccc
HIA総合管理,[緑] 医療機関請求一覧,新規作成,#2f4f4f,#ffffff,#2f4f4f
HIA総合管理,[緑] 医療機関請求一覧,編集,#e8f4ec,#15803d,#e8f4ec
HIA総合管理,[緑] 医療機関請求一覧,削除,#ffffff,#e53e3e,#fed7d7
HIA総合管理,[緑] 医療機関請求一覧,編集,#e8f4ec,#15803d,#e8f4ec
HIA総合管理,[緑] 医療機関請求一覧,削除,#ffffff,#e53e3e,#fed7d7
HIA総合管理,[緑] 医療機関請求一覧,編集,#e8f4ec,#15803d,#e8f4ec
HIA総合管理,[緑] 医療機関請求一覧,削除,#ffffff,#e53e3e,#fed7d7
HIA総合管理,[緑] 医療機関請求一覧,仮確定,#fef3c7,#b45309,#fde68a
HIA総合管理,[緑] 医療機関請求一覧,編集,#e8f4ec,#15803d,#e8f4ec
HIA総合管理,[緑] 医療機関請求一覧,削除,#ffffff,#e53e3e,#fed7d7
HIA総合管理,[緑] 医療機関請求一覧,編集,#e8f4ec,#15803d,#e8f4ec
HIA総合管理,[緑] 医療機関請求一覧,削除,#ffffff,#e53e3e,#fed7d7
HIA総合管理,[緑] 受診者一覧,戻る,#ffffff,#666666,#cccccc
HIA総合管理,[緑] 受診者一覧,新規作成,#2f4f4f,#ffffff,#2f4f4f
HIA総合管理,[緑] 受診者一覧,編集,#e8f4ec,#15803d,#e8f4ec
HIA総合管理,[緑] 受診者一覧,削除,#ffffff,#e53e3e,#fed7d7
HIA総合管理,[緑] 受診者一覧,編集,#e8f4ec,#15803d,#e8f4ec
HIA総合管理,[緑] 受診者一覧,削除,#ffffff,#e53e3e,#fed7d7
HIA総合管理,[緑] 受診者一覧,編集,#e8f4ec,#15803d,#e8f4ec
HIA総合管理,[緑] 受診者一覧,削除,#ffffff,#e53e3e,#fed7d7
HIA総合管理,[緑] 受診者一覧,編集,#e8f4ec,#15803d,#e8f4ec
HIA総合管理,[緑] 受診者一覧,削除,#ffffff,#e53e3e,#fed7d7
HIA総合管理,[緑] 受診者一覧,編集,#e8f4ec,#15803d,#e8f4ec
HIA総合管理,[緑] 受診者一覧,削除,#ffffff,#e53e3e,#fed7d7
HIA総合管理,[緑] 受診者一覧,編集,#e8f4ec,#15803d,#e8f4ec
HIA総合管理,[緑] 受診者一覧,削除,#ffffff,#e53e3e,#fed7d7
HIA総合管理,[緑] 受診者一覧,編集,#e8f4ec,#15803d,#e8f4ec
HIA総合管理,[緑] 受診者一覧,削除,#ffffff,#e53e3e,#fed7d7
HIA総合管理,[緑] 受診者一覧,編集,#e8f4ec,#15803d,#e8f4ec
HIA総合管理,[緑] 受診者一覧,削除,#ffffff,#e53e3e,#fed7d7
HIA総合管理,[緑] 受診者一覧,編集,#e8f4ec,#15803d,#e8f4ec
HIA総合管理,[緑] 受診者一覧,削除,#ffffff,#e53e3e,#fed7d7
HIA総合管理,[緑] 受診者一覧,編集,#e8f4ec,#15803d,#e8f4ec
HIA総合管理,[緑] 受診者一覧,削除,#ffffff,#e53e3e,#fed7d7
HIA総合管理,[緑] 健康保険組合入金状況,戻る,#ffffff,#666666,#cccccc
HIA総合管理,[緑] 健康保険組合入金状況,ダウンロード,#e8f4ec,#15803d,#e8f4ec
HIA総合管理,[緑] 健康保険組合入金状況,未入金,#fef3c7,#b45309,#fde68a
HIA総合管理,[緑] 健康保険組合入金状況,入金日確認,#f3f4f6,#6b7280,transparent
HIA総合管理,[緑] 健康保険組合入金状況,入金日確認,#f3f4f6,#6b7280,transparent
HIA総合管理,[緑] 健康保険組合入金状況,未入金,#fef3c7,#b45309,#fde68a
HIA総合管理,[緑] 健康保険組合入金状況,入金日確認,#e8f0fb,#2563b0,transparent
HIA総合管理,[緑] 医療機関手数料設定,戻る,#ffffff,#666666,#cccccc
HIA総合管理,[緑] 医療機関手数料設定,編集,#e8f4ec,#15803d,#e8f4ec
HIA総合管理,[緑] 医療機関手数料設定,編集,#e8f4ec,#15803d,#e8f4ec
HIA総合管理,[緑] 医療機関手数料設定,編集,#e8f4ec,#15803d,#e8f4ec
HIA総合管理,[緑] 医療機関手数料設定,編集,#e8f4ec,#15803d,#e8f4ec
HIA総合管理,[緑] 医療機関手数料設定,編集,#e8f4ec,#15803d,#e8f4ec
HIA総合管理,[緑] 健康保険組合一覧,戻る,#ffffff,#666666,#cccccc
HIA総合管理,[緑] 健康保険組合一覧,新規作成,#2f4f4f,#ffffff,#2f4f4f
HIA総合管理,[緑] 健康保険組合一覧,サポートログイン,#2f4f4f,#ffffff,transparent
HIA総合管理,[緑] 健康保険組合一覧,編集,#e8f4ec,#15803d,#e8f4ec
HIA総合管理,[緑] 健康保険組合一覧,サポートログイン,#2f4f4f,#ffffff,transparent
HIA総合管理,[緑] 健康保険組合一覧,編集,#e8f4ec,#15803d,#e8f4ec
HIA総合管理,[緑] 健康保険組合編集,戻る,#ffffff,#666666,#cccccc
HIA総合管理,[緑] 健康保険組合編集,基本設定,#ffffff,#2f4f4f,#e8edf2
HIA総合管理,[緑] 健康保険組合編集,健診代行設定,#ffffff,#888888,#e8edf2
HIA総合管理,[緑] 健康保険組合編集,保健指導設定,#ffffff,#888888,#e8edf2
HIA総合管理,[緑] 健康保険組合編集,インフル設定,#ffffff,#888888,#e8edf2
HIA総合管理,[緑] 健康保険組合編集,認証方式A,#2f4f4f,#ffffff,#2f4f4f
HIA総合管理,[緑] 健康保険組合編集,認証方式B,#ffffff,#555555,#e5e7eb
HIA総合管理,[緑] 健康保険組合編集,項目追加,#2f4f4f,#ffffff,#2f4f4f
HIA総合管理,[緑] 健康保険組合編集,削除,#ffffff,#e53e3e,#fed7d7
HIA総合管理,[緑] 健康保険組合編集,項目追加,#2f4f4f,#ffffff,#2f4f4f
HIA総合管理,[緑] 健康保険組合編集,暗号化のみ,#2f4f4f,#ffffff,#2f4f4f
HIA総合管理,[緑] 健康保険組合編集,匿名化のみ,#ffffff,#555555,#e5e7eb
HIA総合管理,[緑] 健康保険組合編集,暗号化＆匿名化,#ffffff,#555555,#e5e7eb
HIA総合管理,[緑] 健康保険組合編集,暗号化のみ,#2f4f4f,#ffffff,#2f4f4f
HIA総合管理,[緑] 健康保険組合編集,匿名化のみ,#ffffff,#555555,#e5e7eb
HIA総合管理,[緑] 健康保険組合編集,暗号化＆匿名化,#ffffff,#555555,#e5e7eb
HIA総合管理,[緑] 健康保険組合編集,非表示,#ffffff,#555555,#e5e7eb
HIA総合管理,[緑] 健康保険組合編集,キャンセル,#ffffff,#666666,#cccccc
HIA総合管理,[緑] 健康保険組合編集,更新,#2f4f4f,#ffffff,#2f4f4f
HIA総合管理,[緑] 医療機関入金状況,戻る,#ffffff,#666666,#cccccc
HIA総合管理,[緑] 医療機関入金状況,ダウンロード,#e8f4ec,#15803d,#e8f4ec
HIA総合管理,[緑] 医療機関入金状況,未入金,#fef3c7,#b45309,#fde68a
HIA総合管理,[緑] 医療機関入金状況,入金日確認,#f3f4f6,#6b7280,transparent
HIA総合管理,[緑] 医療機関入金状況,入金日確認,#f3f4f6,#6b7280,transparent
HIA総合管理,[緑] 医療機関入金状況,未入金,#fef3c7,#b45309,#fde68a
HIA総合管理,[緑] 医療機関入金状況,入金日確認,#e8f0fb,#2563b0,transparent
HIA総合管理,[緑] 医療機関入金状況,未入金,#fef3c7,#b45309,#fde68a
HIA総合管理,[緑] 医療機関入金状況,入金日確認,#f3f4f6,#6b7280,transparent
HIA総合管理,[緑] 医療機関入金状況,入金日確認,#f3f4f6,#6b7280,transparent
HIA総合管理,[緑] 医療機関入金状況,未入金,#fef3c7,#b45309,#fde68a
HIA総合管理,[緑] 医療機関入金状況,入金日確認,#e8f0fb,#2563b0,transparent
HIA総合管理,[緑] 医療機関入金状況,未入金,#fef3c7,#b45309,#fde68a
HIA総合管理,[緑] 医療機関入金状況,入金日確認,#f3f4f6,#6b7280,transparent
HIA総合管理,[緑] 医療機関入金状況,入金日確認,#f3f4f6,#6b7280,transparent
HIA総合管理,[緑] 医療機関入金状況,未入金,#fef3c7,#b45309,#fde68a
HIA総合管理,[緑] 医療機関入金状況,入金日確認,#e8f0fb,#2563b0,transparent
HIA総合管理,[緑] 検査マスタ,戻る,#ffffff,#666666,#cccccc
HIA総合管理,[緑] 検査マスタ,新規作成,#2f4f4f,#ffffff,#2f4f4f
HIA総合管理,[緑] 検査マスタ,設定済,#e8f4ec,#15803d,#e8f4ec
HIA総合管理,[緑] 検査マスタ,未設定,#f1f5f9,#64748b,#cbd5e1
HIA総合管理,[緑] 検査マスタ,未設定,#f1f5f9,#64748b,#cbd5e1
HIA総合管理,[緑] 検査マスタ,設定済,#e8f4ec,#15803d,#e8f4ec
HIA総合管理,[緑] 検査マスタ,未設定,#f1f5f9,#64748b,#cbd5e1
HIA総合管理,[緑] 検査マスタ,未設定,#f1f5f9,#64748b,#cbd5e1
HIA総合管理,[緑] 検査マスタ,設定済,#e8f4ec,#15803d,#e8f4ec
HIA総合管理,[緑] 検査マスタ,設定済,#e8f4ec,#15803d,#e8f4ec
HIA総合管理,[緑] 検査マスタ,未設定,#f1f5f9,#64748b,#cbd5e1
HIA総合管理,[緑] 検査マスタ,設定済,#e8f4ec,#15803d,#e8f4ec
HIA総合管理,[緑] 検査マスタ,未設定,#f1f5f9,#64748b,#cbd5e1
HIA総合管理,[緑] 検査マスタ,未設定,#f1f5f9,#64748b,#cbd5e1
HIA総合管理,[緑] 検査マスタ,設定済,#e8f4ec,#15803d,#e8f4ec
HIA総合管理,[緑] 検査マスタ,未設定,#f1f5f9,#64748b,#cbd5e1
HIA総合管理,[緑] 検査マスタ,未設定,#f1f5f9,#64748b,#cbd5e1
HIA総合管理,[緑] 検査マスタ,設定済,#e8f4ec,#15803d,#e8f4ec
HIA総合管理,[緑] 検査マスタ,未設定,#f1f5f9,#64748b,#cbd5e1
HIA総合管理,[緑] 検査マスタ,未設定,#f1f5f9,#64748b,#cbd5e1
HIA総合管理,[緑] 検査マスタ,設定済,#e8f4ec,#15803d,#e8f4ec
HIA総合管理,[緑] 検査マスタ,未設定,#f1f5f9,#64748b,#cbd5e1
HIA総合管理,[緑] 検査マスタ,未設定,#f1f5f9,#64748b,#cbd5e1
HIA総合管理,[緑] 検査マスタ,設定済,#e8f4ec,#15803d,#e8f4ec
HIA総合管理,[緑] 検査マスタ,未設定,#f1f5f9,#64748b,#cbd5e1
HIA総合管理,[緑] 検査マスタ,未設定,#f1f5f9,#64748b,#cbd5e1
HIA総合管理,[緑] 検査マスタ,設定済,#e8f4ec,#15803d,#e8f4ec
HIA総合管理,[緑] 検査マスタ,未設定,#f1f5f9,#64748b,#cbd5e1
HIA総合管理,[緑] 検査マスタ,未設定,#f1f5f9,#64748b,#cbd5e1
HIA総合管理,[緑] 検査マスタ,設定済,#e8f4ec,#15803d,#e8f4ec
HIA総合管理,[緑] 検査マスタ,未設定,#f1f5f9,#64748b,#cbd5e1
HIA総合管理,[緑] 検査マスタ,未設定,#f1f5f9,#64748b,#cbd5e1
HIA総合管理,[緑] 検査マスタ,設定済,#e8f4ec,#15803d,#e8f4ec
HIA総合管理,[緑] 検査マスタ,未設定,#f1f5f9,#64748b,#cbd5e1
HIA総合管理,[緑] 検査マスタ,未設定,#f1f5f9,#64748b,#cbd5e1
HIA総合管理,[緑] 検査マスタ,設定済,#e8f4ec,#15803d,#e8f4ec
HIA総合管理,[緑] 検査マスタ,未設定,#f1f5f9,#64748b,#cbd5e1
HIA総合管理,[緑] 検査マスタ,未設定,#f1f5f9,#64748b,#cbd5e1
HIA総合管理,[緑] 検査マスタ,設定済,#e8f4ec,#15803d,#e8f4ec
HIA総合管理,[緑] 検査マスタ,未設定,#f1f5f9,#64748b,#cbd5e1
HIA総合管理,[緑] 検査マスタ,未設定,#f1f5f9,#64748b,#cbd5e1
HIA総合管理,[緑] 検査マスタ,設定済,#e8f4ec,#15803d,#e8f4ec
HIA総合管理,[緑] 検査マスタ,未設定,#f1f5f9,#64748b,#cbd5e1
HIA総合管理,[緑] 検査マスタ,未設定,#f1f5f9,#64748b,#cbd5e1
HIA総合管理,[緑] 検査マスタ,設定済,#e8f4ec,#15803d,#e8f4ec
HIA総合管理,[緑] 検査マスタ,未設定,#f1f5f9,#64748b,#cbd5e1
HIA総合管理,[緑] 検査マスタ,未設定,#f1f5f9,#64748b,#cbd5e1
HIA総合管理,[緑] 検査マスタ,設定済,#e8f4ec,#15803d,#e8f4ec
HIA総合管理,[緑] 検査マスタ,未設定,#f1f5f9,#64748b,#cbd5e1
HIA総合管理,[緑] 検査マスタ,未設定,#f1f5f9,#64748b,#cbd5e1
HIA総合管理,[緑] 検査マスタ,設定済,#e8f4ec,#15803d,#e8f4ec
HIA総合管理,[緑] 検査マスタ,未設定,#f1f5f9,#64748b,#cbd5e1
HIA総合管理,[緑] 検査マスタ,未設定,#f1f5f9,#64748b,#cbd5e1
HIA総合管理,[緑] 検査マスタ,設定済,#e8f4ec,#15803d,#e8f4ec
HIA総合管理,[緑] 検査マスタ,未設定,#f1f5f9,#64748b,#cbd5e1
HIA総合管理,[緑] 検査マスタ,未設定,#f1f5f9,#64748b,#cbd5e1
HIA総合管理,[緑] 検査マスタ,設定済,#e8f4ec,#15803d,#e8f4ec
HIA総合管理,[緑] 検査マスタ,未設定,#f1f5f9,#64748b,#cbd5e1
HIA総合管理,[緑] 検査マスタ,未設定,#f1f5f9,#64748b,#cbd5e1
HIA総合管理,[緑] 検査マスタ,設定済,#e8f4ec,#15803d,#e8f4ec
HIA総合管理,[緑] 検査マスタ,未設定,#f1f5f9,#64748b,#cbd5e1
HIA総合管理,[緑] 検査マスタ,未設定,#f1f5f9,#64748b,#cbd5e1
HIA総合管理,[緑] 検査マスタ,設定済,#e8f4ec,#15803d,#e8f4ec
HIA総合管理,[緑] 検査マスタ,設定済,#e8f4ec,#15803d,#e8f4ec
HIA総合管理,[緑] 検査マスタ,未設定,#f1f5f9,#64748b,#cbd5e1
HIA総合管理,[緑] 検査マスタ,設定済,#e8f4ec,#15803d,#e8f4ec
HIA総合管理,[緑] 検査マスタ,未設定,#f1f5f9,#64748b,#cbd5e1
HIA総合管理,[緑] 検査マスタ,未設定,#f1f5f9,#64748b,#cbd5e1
HIA総合管理,[緑] 検査マスタ,設定済,#e8f4ec,#15803d,#e8f4ec
HIA総合管理,[緑] 検査マスタ,未設定,#f1f5f9,#64748b,#cbd5e1
HIA総合管理,[緑] 検査マスタ,未設定,#f1f5f9,#64748b,#cbd5e1
HIA総合管理,[緑] 検査マスタ,設定済,#e8f4ec,#15803d,#e8f4ec
HIA総合管理,[緑] 検査マスタ,設定済,#e8f4ec,#15803d,#e8f4ec
HIA総合管理,[緑] 検査マスタ,未設定,#f1f5f9,#64748b,#cbd5e1
HIA総合管理,[緑] 検査マスタ,設定済,#e8f4ec,#15803d,#e8f4ec
HIA総合管理,[緑] 検査マスタ,未設定,#f1f5f9,#64748b,#cbd5e1
HIA総合管理,[緑] 検査マスタ,未設定,#f1f5f9,#64748b,#cbd5e1
HIA総合管理,[緑] 検査マスタ,設定済,#e8f4ec,#15803d,#e8f4ec
HIA総合管理,[緑] 検査マスタ,未設定,#f1f5f9,#64748b,#cbd5e1
HIA総合管理,[緑] 検査マスタ,未設定,#f1f5f9,#64748b,#cbd5e1
HIA総合管理,[緑] 検査マスタ,設定済,#e8f4ec,#15803d,#e8f4ec
HIA総合管理,[緑] 検査マスタ,未設定,#f1f5f9,#64748b,#cbd5e1
HIA総合管理,[緑] 検査マスタ,未設定,#f1f5f9,#64748b,#cbd5e1
HIA総合管理,[緑] 検査マスタ,設定済,#e8f4ec,#15803d,#e8f4ec
HIA総合管理,[緑] 検査マスタ,未設定,#f1f5f9,#64748b,#cbd5e1
HIA総合管理,[緑] 検査マスタ,未設定,#f1f5f9,#64748b,#cbd5e1
HIA総合管理,[緑] 検査マスタ,設定済,#e8f4ec,#15803d,#e8f4ec
HIA総合管理,[緑] 検査マスタ,未設定,#f1f5f9,#64748b,#cbd5e1
HIA総合管理,[緑] 検査マスタ,未設定,#f1f5f9,#64748b,#cbd5e1
HIA総合管理,[緑] 検査マスタ,設定済,#e8f4ec,#15803d,#e8f4ec
HIA総合管理,[緑] 検査マスタ,設定済,#e8f4ec,#15803d,#e8f4ec
HIA総合管理,[緑] 検査マスタ,未設定,#f1f5f9,#64748b,#cbd5e1
HIA総合管理,[緑] 検査マスタ,設定済,#e8f4ec,#15803d,#e8f4ec
HIA総合管理,[緑] 検査マスタ,未設定,#f1f5f9,#64748b,#cbd5e1
HIA総合管理,[緑] 検査マスタ,未設定,#f1f5f9,#64748b,#cbd5e1
HIA総合管理,[緑] 検査マスタ,設定済,#e8f4ec,#15803d,#e8f4ec
HIA総合管理,[緑] 検査マスタ,設定済,#e8f4ec,#15803d,#e8f4ec
HIA総合管理,[緑] 検査マスタ,未設定,#f1f5f9,#64748b,#cbd5e1
HIA総合管理,[緑] 検査マスタ,設定済,#e8f4ec,#15803d,#e8f4ec
HIA総合管理,[緑] 検査マスタ,設定済,#e8f4ec,#15803d,#e8f4ec
HIA総合管理,[緑] 検査マスタ,未設定,#f1f5f9,#64748b,#cbd5e1
HIA総合管理,[緑] 検査マスタ,設定済,#e8f4ec,#15803d,#e8f4ec
HIA総合管理,[緑] 検査マスタ,未設定,#f1f5f9,#64748b,#cbd5e1
HIA総合管理,[緑] 検査マスタ,未設定,#f1f5f9,#64748b,#cbd5e1
HIA総合管理,[緑] 検査マスタ,設定済,#e8f4ec,#15803d,#e8f4ec
HIA総合管理,[緑] 検査マスタ,未設定,#f1f5f9,#64748b,#cbd5e1
HIA総合管理,[緑] 検査マスタ,未設定,#f1f5f9,#64748b,#cbd5e1
HIA総合管理,[緑] 検査マスタ,設定済,#e8f4ec,#15803d,#e8f4ec
HIA総合管理,[緑] 検査マスタ,設定済,#e8f4ec,#15803d,#e8f4ec
HIA総合管理,[緑] 検査マスタ,未設定,#f1f5f9,#64748b,#cbd5e1
HIA総合管理,[緑] 検査マスタ,設定済,#e8f4ec,#15803d,#e8f4ec
HIA総合管理,[緑] 検査マスタ,設定済,#e8f4ec,#15803d,#e8f4ec
HIA総合管理,[緑] 検査マスタ,未設定,#f1f5f9,#64748b,#cbd5e1
HIA総合管理,[緑] 検査マスタ,設定済,#e8f4ec,#15803d,#e8f4ec
HIA総合管理,[緑] 検査マスタ,設定済,#e8f4ec,#15803d,#e8f4ec
HIA総合管理,[緑] 検査マスタ,未設定,#f1f5f9,#64748b,#cbd5e1
HIA総合管理,[緑] 検査マスタ,設定済,#e8f4ec,#15803d,#e8f4ec
HIA総合管理,[緑] 検査マスタ,未設定,#f1f5f9,#64748b,#cbd5e1
HIA総合管理,[緑] 検査マスタ,未設定,#f1f5f9,#64748b,#cbd5e1
HIA総合管理,[緑] 検査マスタ,設定済,#e8f4ec,#15803d,#e8f4ec
HIA総合管理,[緑] 検査マスタ,未設定,#f1f5f9,#64748b,#cbd5e1
HIA総合管理,[緑] 検査マスタ,未設定,#f1f5f9,#64748b,#cbd5e1
HIA総合管理,[緑] 検査マスタ,設定済,#e8f4ec,#15803d,#e8f4ec
HIA総合管理,[緑] 検査マスタ,未設定,#f1f5f9,#64748b,#cbd5e1
HIA総合管理,[緑] 検査マスタ,未設定,#f1f5f9,#64748b,#cbd5e1
HIA総合管理,[緑] 検査マスタ,設定済,#e8f4ec,#15803d,#e8f4ec
HIA総合管理,[緑] 検査マスタ,未設定,#f1f5f9,#64748b,#cbd5e1
HIA総合管理,[緑] 検査マスタ,未設定,#f1f5f9,#64748b,#cbd5e1
HIA総合管理,[緑] 検査マスタ,設定済,#e8f4ec,#15803d,#e8f4ec
HIA総合管理,[緑] 検査マスタ,未設定,#f1f5f9,#64748b,#cbd5e1
HIA総合管理,[緑] 検査マスタ,未設定,#f1f5f9,#64748b,#cbd5e1
HIA総合管理,[緑] 検査マスタ,設定済,#e8f4ec,#15803d,#e8f4ec
HIA総合管理,[緑] 検査マスタ,設定済,#e8f4ec,#15803d,#e8f4ec
HIA総合管理,[緑] 検査マスタ,未設定,#f1f5f9,#64748b,#cbd5e1
HIA総合管理,[緑] 検査マスタ,設定済,#e8f4ec,#15803d,#e8f4ec
HIA総合管理,[緑] 検査マスタ,未設定,#f1f5f9,#64748b,#cbd5e1
HIA総合管理,[緑] 検査マスタ,未設定,#f1f5f9,#64748b,#cbd5e1
HIA総合管理,[緑] 検査マスタ,設定済,#e8f4ec,#15803d,#e8f4ec
HIA総合管理,[緑] 検査マスタ,未設定,#f1f5f9,#64748b,#cbd5e1
HIA総合管理,[緑] 検査マスタ,未設定,#f1f5f9,#64748b,#cbd5e1
HIA総合管理,[緑] 検査マスタ,設定済,#e8f4ec,#15803d,#e8f4ec
HIA総合管理,[緑] 検査マスタ,未設定,#f1f5f9,#64748b,#cbd5e1
HIA総合管理,[緑] 検査マスタ,未設定,#f1f5f9,#64748b,#cbd5e1
HIA総合管理,[緑] 検査マスタ,設定済,#e8f4ec,#15803d,#e8f4ec
HIA総合管理,[緑] 検査マスタ,未設定,#f1f5f9,#64748b,#cbd5e1
HIA総合管理,[緑] 検査マスタ,未設定,#f1f5f9,#64748b,#cbd5e1
HIA総合管理,[緑] 検査マスタ,設定済,#e8f4ec,#15803d,#e8f4ec
HIA総合管理,[緑] 検査マスタ,未設定,#f1f5f9,#64748b,#cbd5e1
HIA総合管理,[緑] 検査マスタ,未設定,#f1f5f9,#64748b,#cbd5e1
HIA総合管理,[緑] 検査マスタ,設定済,#e8f4ec,#15803d,#e8f4ec
HIA総合管理,[緑] 検査マスタ,設定済,#e8f4ec,#15803d,#e8f4ec
HIA総合管理,[緑] 検査マスタ,未設定,#f1f5f9,#64748b,#cbd5e1
HIA総合管理,[緑] 検査マスタ,設定済,#e8f4ec,#15803d,#e8f4ec
HIA総合管理,[緑] 検査マスタ,未設定,#f1f5f9,#64748b,#cbd5e1
HIA総合管理,[緑] 検査マスタ,未設定,#f1f5f9,#64748b,#cbd5e1
HIA総合管理,[緑] 検査マスタ,設定済,#e8f4ec,#15803d,#e8f4ec
HIA総合管理,[緑] 検査マスタ,設定済,#e8f4ec,#15803d,#e8f4ec
HIA総合管理,[緑] 検査マスタ,未設定,#f1f5f9,#64748b,#cbd5e1
HIA総合管理,[緑] 検査マスタ,設定済,#e8f4ec,#15803d,#e8f4ec
HIA総合管理,[緑] 検査マスタ,設定済,#e8f4ec,#15803d,#e8f4ec
HIA総合管理,[緑] 検査マスタ,未設定,#f1f5f9,#64748b,#cbd5e1
HIA総合管理,[緑] 検査マスタ,設定済,#e8f4ec,#15803d,#e8f4ec
HIA総合管理,[緑] 検査マスタ,設定済,#e8f4ec,#15803d,#e8f4ec
HIA総合管理,[緑] 検査マスタ,未設定,#f1f5f9,#64748b,#cbd5e1
HIA総合管理,[緑] 検査マスタ,設定済,#e8f4ec,#15803d,#e8f4ec
HIA総合管理,[緑] 検査マスタ,未設定,#f1f5f9,#64748b,#cbd5e1
HIA総合管理,[緑] 検査マスタ,未設定,#f1f5f9,#64748b,#cbd5e1
HIA総合管理,[緑] 検査マスタ,設定済,#e8f4ec,#15803d,#e8f4ec
HIA総合管理,[緑] 検査マスタ,未設定,#f1f5f9,#64748b,#cbd5e1
HIA総合管理,[緑] 検査マスタ,未設定,#f1f5f9,#64748b,#cbd5e1
HIA総合管理,[緑] 検査マスタ,設定済,#e8f4ec,#15803d,#e8f4ec
HIA総合管理,[緑] 検査マスタ,未設定,#f1f5f9,#64748b,#cbd5e1
HIA総合管理,[緑] 検査マスタ,未設定,#f1f5f9,#64748b,#cbd5e1
HIA総合管理,[緑] 検査マスタ,設定済,#e8f4ec,#15803d,#e8f4ec
HIA総合管理,[緑] 検査マスタ,未設定,#f1f5f9,#64748b,#cbd5e1
HIA総合管理,[緑] 検査マスタ,未設定,#f1f5f9,#64748b,#cbd5e1
HIA総合管理,[緑] 検査マスタ,設定済,#e8f4ec,#15803d,#e8f4ec
HIA総合管理,[緑] 検査マスタ,未設定,#f1f5f9,#64748b,#cbd5e1
HIA総合管理,[緑] 検査マスタ,未設定,#f1f5f9,#64748b,#cbd5e1
HIA総合管理,[緑] 検査マスタ,設定済,#e8f4ec,#15803d,#e8f4ec
HIA総合管理,[緑] 検査マスタ,未設定,#f1f5f9,#64748b,#cbd5e1
HIA総合管理,[緑] 検査マスタ,未設定,#f1f5f9,#64748b,#cbd5e1
HIA総合管理,[緑] 検査マスタ,設定済,#e8f4ec,#15803d,#e8f4ec
HIA総合管理,[緑] 検査マスタ,未設定,#f1f5f9,#64748b,#cbd5e1
HIA総合管理,[緑] 検査マスタ,未設定,#f1f5f9,#64748b,#cbd5e1
HIA総合管理,[緑] 検査マスタ,設定済,#e8f4ec,#15803d,#e8f4ec
HIA総合管理,[緑] 検査マスタ,未設定,#f1f5f9,#64748b,#cbd5e1
HIA総合管理,[緑] 検査マスタ,未設定,#f1f5f9,#64748b,#cbd5e1
HIA総合管理,[緑] 検査マスタ,設定済,#e8f4ec,#15803d,#e8f4ec
HIA総合管理,[緑] 検査マスタ,未設定,#f1f5f9,#64748b,#cbd5e1
HIA総合管理,[緑] 検査マスタ,未設定,#f1f5f9,#64748b,#cbd5e1
HIA総合管理,[緑] 検査マスタ,設定済,#e8f4ec,#15803d,#e8f4ec
HIA総合管理,[緑] 検査マスタ,未設定,#f1f5f9,#64748b,#cbd5e1
HIA総合管理,[緑] 検査マスタ,未設定,#f1f5f9,#64748b,#cbd5e1
HIA総合管理,[緑] 検査マスタ,設定済,#e8f4ec,#15803d,#e8f4ec
HIA総合管理,[緑] 検査マスタ,未設定,#f1f5f9,#64748b,#cbd5e1
HIA総合管理,[緑] 検査マスタ,未設定,#f1f5f9,#64748b,#cbd5e1
HIA総合管理,[緑] 検査マスタ,設定済,#e8f4ec,#15803d,#e8f4ec
HIA総合管理,[緑] 検査マスタ,未設定,#f1f5f9,#64748b,#cbd5e1
HIA総合管理,[緑] 検査マスタ,未設定,#f1f5f9,#64748b,#cbd5e1
HIA総合管理,[緑] 検査マスタ,設定済,#e8f4ec,#15803d,#e8f4ec
HIA総合管理,[緑] 検査マスタ,未設定,#f1f5f9,#64748b,#cbd5e1
HIA総合管理,[緑] 検査マスタ,未設定,#f1f5f9,#64748b,#cbd5e1
HIA総合管理,[緑] 検査マスタ,設定済,#e8f4ec,#15803d,#e8f4ec
HIA総合管理,[緑] 検査マスタ,未設定,#f1f5f9,#64748b,#cbd5e1
HIA総合管理,[緑] 検査マスタ,未設定,#f1f5f9,#64748b,#cbd5e1
HIA総合管理,[緑] 検査マスタ,設定済,#e8f4ec,#15803d,#e8f4ec
HIA総合管理,[緑] 検査マスタ,未設定,#f1f5f9,#64748b,#cbd5e1
HIA総合管理,[緑] 検査マスタ,未設定,#f1f5f9,#64748b,#cbd5e1
HIA総合管理,[緑] 検査マスタ,設定済,#e8f4ec,#15803d,#e8f4ec
HIA総合管理,[緑] 検査マスタ,未設定,#f1f5f9,#64748b,#cbd5e1
HIA総合管理,[緑] 検査マスタ,未設定,#f1f5f9,#64748b,#cbd5e1
HIA総合管理,[緑] 検査マスタ,設定済,#e8f4ec,#15803d,#e8f4ec
HIA総合管理,[緑] 検査マスタ,未設定,#f1f5f9,#64748b,#cbd5e1
HIA総合管理,[緑] 検査マスタ,未設定,#f1f5f9,#64748b,#cbd5e1
HIA総合管理,[緑] 検査マスタ,設定済,#e8f4ec,#15803d,#e8f4ec
HIA総合管理,[緑] 検査マスタ,未設定,#f1f5f9,#64748b,#cbd5e1
HIA総合管理,[緑] 検査マスタ,未設定,#f1f5f9,#64748b,#cbd5e1
HIA総合管理,[緑] 検査マスタ,設定済,#e8f4ec,#15803d,#e8f4ec
HIA総合管理,[緑] 検査マスタ,未設定,#f1f5f9,#64748b,#cbd5e1
HIA総合管理,[緑] 検査マスタ,未設定,#f1f5f9,#64748b,#cbd5e1
HIA総合管理,[緑] 検査マスタ,設定済,#e8f4ec,#15803d,#e8f4ec
HIA総合管理,[緑] 検査マスタ,未設定,#f1f5f9,#64748b,#cbd5e1
HIA総合管理,[緑] 検査マスタ,未設定,#f1f5f9,#64748b,#cbd5e1
HIA総合管理,[緑] 検査マスタ,設定済,#e8f4ec,#15803d,#e8f4ec
HIA総合管理,[緑] 検査マスタ,未設定,#f1f5f9,#64748b,#cbd5e1
HIA総合管理,[緑] 検査マスタ,未設定,#f1f5f9,#64748b,#cbd5e1
HIA総合管理,[緑] 検査マスタ,設定済,#e8f4ec,#15803d,#e8f4ec
HIA総合管理,[緑] 検査マスタ,未設定,#f1f5f9,#64748b,#cbd5e1
HIA総合管理,[緑] 検査マスタ,未設定,#f1f5f9,#64748b,#cbd5e1
HIA総合管理,[緑] 検査マスタ,設定済,#e8f4ec,#15803d,#e8f4ec
HIA総合管理,[緑] 検査マスタ,未設定,#f1f5f9,#64748b,#cbd5e1
HIA総合管理,[緑] 検査マスタ,未設定,#f1f5f9,#64748b,#cbd5e1
HIA総合管理,[緑] 検査マスタ,設定済,#e8f4ec,#15803d,#e8f4ec
HIA総合管理,[緑] 検査マスタ,未設定,#f1f5f9,#64748b,#cbd5e1
HIA総合管理,[緑] 検査マスタ,未設定,#f1f5f9,#64748b,#cbd5e1
HIA総合管理,[緑] 検査マスタ,設定済,#e8f4ec,#15803d,#e8f4ec
HIA総合管理,[緑] 検査マスタ,未設定,#f1f5f9,#64748b,#cbd5e1
HIA総合管理,[緑] 検査マスタ,未設定,#f1f5f9,#64748b,#cbd5e1
HIA総合管理,[緑] 検査マスタ,設定済,#e8f4ec,#15803d,#e8f4ec
HIA総合管理,[緑] 検査マスタ,未設定,#f1f5f9,#64748b,#cbd5e1
HIA総合管理,[緑] 検査マスタ,未設定,#f1f5f9,#64748b,#cbd5e1
HIA総合管理,[緑] 検査マスタ,設定済,#e8f4ec,#15803d,#e8f4ec
HIA総合管理,[緑] 検査マスタ,未設定,#f1f5f9,#64748b,#cbd5e1
HIA総合管理,[緑] 検査マスタ,未設定,#f1f5f9,#64748b,#cbd5e1
HIA総合管理,[緑] 検査マスタ,設定済,#e8f4ec,#15803d,#e8f4ec
HIA総合管理,[緑] 検査マスタ,未設定,#f1f5f9,#64748b,#cbd5e1
HIA総合管理,[緑] 検査マスタ,未設定,#f1f5f9,#64748b,#cbd5e1
HIA総合管理,[緑] 検査マスタ,設定済,#e8f4ec,#15803d,#e8f4ec
HIA総合管理,[緑] 検査マスタ,未設定,#f1f5f9,#64748b,#cbd5e1
HIA総合管理,[緑] 検査マスタ,未設定,#f1f5f9,#64748b,#cbd5e1
HIA総合管理,[緑] 検査マスタ,設定済,#e8f4ec,#15803d,#e8f4ec
HIA総合管理,[緑] 検査マスタ,未設定,#f1f5f9,#64748b,#cbd5e1
HIA総合管理,[緑] 検査マスタ,未設定,#f1f5f9,#64748b,#cbd5e1
HIA総合管理,[緑] 検査マスタ,設定済,#e8f4ec,#15803d,#e8f4ec
HIA総合管理,[緑] 検査マスタ,未設定,#f1f5f9,#64748b,#cbd5e1
HIA総合管理,[緑] 検査マスタ,未設定,#f1f5f9,#64748b,#cbd5e1
HIA総合管理,[緑] 検査マスタ,設定済,#e8f4ec,#15803d,#e8f4ec
HIA総合管理,[緑] 検査マスタ,未設定,#f1f5f9,#64748b,#cbd5e1
HIA総合管理,[緑] 検査マスタ,未設定,#f1f5f9,#64748b,#cbd5e1
HIA総合管理,[緑] 検査マスタ,設定済,#e8f4ec,#15803d,#e8f4ec
HIA総合管理,[緑] 検査マスタ,未設定,#f1f5f9,#64748b,#cbd5e1
HIA総合管理,[緑] 検査マスタ,未設定,#f1f5f9,#64748b,#cbd5e1
HIA総合管理,[緑] 検査マスタ,設定済,#e8f4ec,#15803d,#e8f4ec
HIA総合管理,[緑] 検査マスタ,未設定,#f1f5f9,#64748b,#cbd5e1
HIA総合管理,[緑] 検査マスタ,未設定,#f1f5f9,#64748b,#cbd5e1
HIA総合管理,[緑] 検査マスタ,設定済,#e8f4ec,#15803d,#e8f4ec
HIA総合管理,[緑] 検査マスタ,未設定,#f1f5f9,#64748b,#cbd5e1
HIA総合管理,[緑] 検査マスタ,未設定,#f1f5f9,#64748b,#cbd5e1
HIA総合管理,[緑] 検査マスタ,設定済,#e8f4ec,#15803d,#e8f4ec
HIA総合管理,[緑] 検査マスタ,未設定,#f1f5f9,#64748b,#cbd5e1
HIA総合管理,[緑] 検査マスタ,未設定,#f1f5f9,#64748b,#cbd5e1
HIA総合管理,[緑] 検査マスタ,設定済,#e8f4ec,#15803d,#e8f4ec
HIA総合管理,[緑] 検査マスタ,未設定,#f1f5f9,#64748b,#cbd5e1
HIA総合管理,[緑] 検査マスタ,未設定,#f1f5f9,#64748b,#cbd5e1
HIA総合管理,[緑] 検査マスタ,設定済,#e8f4ec,#15803d,#e8f4ec
HIA総合管理,[緑] 検査マスタ,未設定,#f1f5f9,#64748b,#cbd5e1
HIA総合管理,[緑] 検査マスタ,未設定,#f1f5f9,#64748b,#cbd5e1
HIA総合管理,[緑] 検査マスタ,設定済,#e8f4ec,#15803d,#e8f4ec
HIA総合管理,[緑] 検査マスタ,未設定,#f1f5f9,#64748b,#cbd5e1
HIA総合管理,[緑] 検査マスタ,未設定,#f1f5f9,#64748b,#cbd5e1
HIA総合管理,[緑] 検査マスタ,設定済,#e8f4ec,#15803d,#e8f4ec
HIA総合管理,[緑] 検査マスタ,未設定,#f1f5f9,#64748b,#cbd5e1
HIA総合管理,[緑] 検査マスタ,未設定,#f1f5f9,#64748b,#cbd5e1
HIA総合管理,[緑] 検査マスタ,設定済,#e8f4ec,#15803d,#e8f4ec
HIA総合管理,[緑] 検査マスタ,未設定,#f1f5f9,#64748b,#cbd5e1
HIA総合管理,[緑] 検査マスタ,未設定,#f1f5f9,#64748b,#cbd5e1
HIA総合管理,[緑] 検査マスタ,設定済,#e8f4ec,#15803d,#e8f4ec
HIA総合管理,[緑] 検査マスタ,未設定,#f1f5f9,#64748b,#cbd5e1
HIA総合管理,[緑] 検査マスタ,未設定,#f1f5f9,#64748b,#cbd5e1
HIA総合管理,[緑] 検査マスタ,設定済,#e8f4ec,#15803d,#e8f4ec
HIA総合管理,[緑] 検査マスタ,未設定,#f1f5f9,#64748b,#cbd5e1
HIA総合管理,[緑] 検査マスタ,未設定,#f1f5f9,#64748b,#cbd5e1
HIA総合管理,[緑] 検査マスタ,設定済,#e8f4ec,#15803d,#e8f4ec
HIA総合管理,[緑] 検査マスタ,未設定,#f1f5f9,#64748b,#cbd5e1
HIA総合管理,[緑] 検査マスタ,未設定,#f1f5f9,#64748b,#cbd5e1
HIA総合管理,[緑] 検査マスタ,設定済,#e8f4ec,#15803d,#e8f4ec
HIA総合管理,[緑] 検査マスタ,未設定,#f1f5f9,#64748b,#cbd5e1
HIA総合管理,[緑] 検査マスタ,未設定,#f1f5f9,#64748b,#cbd5e1
HIA総合管理,[緑] 検査マスタ,設定済,#e8f4ec,#15803d,#e8f4ec
HIA総合管理,[緑] 検査マスタ,未設定,#f1f5f9,#64748b,#cbd5e1
HIA総合管理,[緑] 検査マスタ,未設定,#f1f5f9,#64748b,#cbd5e1
HIA総合管理,[緑] 検査マスタ,設定済,#e8f4ec,#15803d,#e8f4ec
HIA総合管理,[緑] 検査マスタ,未設定,#f1f5f9,#64748b,#cbd5e1
HIA総合管理,[緑] 検査マスタ,未設定,#f1f5f9,#64748b,#cbd5e1
HIA総合管理,[緑] 検査マスタ,設定済,#e8f4ec,#15803d,#e8f4ec
HIA総合管理,[緑] 検査マスタ,未設定,#f1f5f9,#64748b,#cbd5e1
HIA総合管理,[緑] 検査マスタ,未設定,#f1f5f9,#64748b,#cbd5e1
HIA総合管理,[緑] 検査マスタ,設定済,#e8f4ec,#15803d,#e8f4ec
HIA総合管理,[緑] 検査マスタ,未設定,#f1f5f9,#64748b,#cbd5e1
HIA総合管理,[緑] 検査マスタ,未設定,#f1f5f9,#64748b,#cbd5e1
HIA総合管理,[緑] 検査マスタ,設定済,#e8f4ec,#15803d,#e8f4ec
HIA総合管理,[緑] 検査マスタ,未設定,#f1f5f9,#64748b,#cbd5e1
HIA総合管理,[緑] 検査マスタ,未設定,#f1f5f9,#64748b,#cbd5e1
HIA総合管理,[緑] 検査マスタ,設定済,#e8f4ec,#15803d,#e8f4ec
HIA総合管理,[緑] 検査マスタ,未設定,#f1f5f9,#64748b,#cbd5e1
HIA総合管理,[緑] 検査マスタ,未設定,#f1f5f9,#64748b,#cbd5e1
HIA総合管理,[緑] 検査マスタ,設定済,#e8f4ec,#15803d,#e8f4ec
HIA総合管理,[緑] 検査マスタ,未設定,#f1f5f9,#64748b,#cbd5e1
HIA総合管理,[緑] 検査マスタ,未設定,#f1f5f9,#64748b,#cbd5e1
HIA総合管理,[緑] 検査マスタ,設定済,#e8f4ec,#15803d,#e8f4ec
HIA総合管理,[緑] 検査マスタ,未設定,#f1f5f9,#64748b,#cbd5e1
HIA総合管理,[緑] 検査マスタ,未設定,#f1f5f9,#64748b,#cbd5e1
HIA総合管理,[緑] 検査マスタ,設定済,#e8f4ec,#15803d,#e8f4ec
HIA総合管理,[緑] 検査マスタ,未設定,#f1f5f9,#64748b,#cbd5e1
HIA総合管理,[緑] 検査マスタ,未設定,#f1f5f9,#64748b,#cbd5e1
HIA総合管理,[緑] 検査マスタ,設定済,#e8f4ec,#15803d,#e8f4ec
HIA総合管理,[緑] 検査マスタ,未設定,#f1f5f9,#64748b,#cbd5e1
HIA総合管理,[緑] 検査マスタ,未設定,#f1f5f9,#64748b,#cbd5e1
HIA総合管理,[緑] 検査マスタ,設定済,#e8f4ec,#15803d,#e8f4ec
HIA総合管理,[緑] 検査マスタ,未設定,#f1f5f9,#64748b,#cbd5e1
HIA総合管理,[緑] 検査マスタ,未設定,#f1f5f9,#64748b,#cbd5e1
HIA総合管理,[緑] 検査マスタ,設定済,#e8f4ec,#15803d,#e8f4ec
HIA総合管理,[緑] 検査マスタ,未設定,#f1f5f9,#64748b,#cbd5e1
HIA総合管理,[緑] 検査マスタ,未設定,#f1f5f9,#64748b,#cbd5e1
HIA総合管理,[緑] 検査マスタ,設定済,#e8f4ec,#15803d,#e8f4ec
HIA総合管理,[緑] 検査マスタ,未設定,#f1f5f9,#64748b,#cbd5e1
HIA総合管理,[緑] 検査マスタ,未設定,#f1f5f9,#64748b,#cbd5e1
HIA総合管理,[緑] 検査マスタ,設定済,#e8f4ec,#15803d,#e8f4ec
HIA総合管理,[緑] 検査マスタ,未設定,#f1f5f9,#64748b,#cbd5e1
HIA総合管理,[緑] 検査マスタ,未設定,#f1f5f9,#64748b,#cbd5e1
HIA総合管理,[緑] 検査マスタ,設定済,#e8f4ec,#15803d,#e8f4ec
HIA総合管理,[緑] 検査マスタ,未設定,#f1f5f9,#64748b,#cbd5e1
HIA総合管理,[緑] 検査マスタ,未設定,#f1f5f9,#64748b,#cbd5e1
HIA総合管理,[緑] 検査マスタ,設定済,#e8f4ec,#15803d,#e8f4ec
HIA総合管理,[緑] 検査マスタ,未設定,#f1f5f9,#64748b,#cbd5e1
HIA総合管理,[緑] 検査マスタ,未設定,#f1f5f9,#64748b,#cbd5e1
HIA総合管理,[緑] 検査マスタ,設定済,#e8f4ec,#15803d,#e8f4ec
HIA総合管理,[緑] 検査マスタ,未設定,#f1f5f9,#64748b,#cbd5e1
HIA総合管理,[緑] 検査マスタ,未設定,#f1f5f9,#64748b,#cbd5e1
HIA総合管理,[緑] 検査マスタ,設定済,#e8f4ec,#15803d,#e8f4ec
HIA総合管理,[緑] 検査マスタ,未設定,#f1f5f9,#64748b,#cbd5e1
HIA総合管理,[緑] 検査マスタ,未設定,#f1f5f9,#64748b,#cbd5e1
HIA総合管理,[緑] 検査マスタ,設定済,#e8f4ec,#15803d,#e8f4ec
HIA総合管理,[緑] 検査マスタ,未設定,#f1f5f9,#64748b,#cbd5e1
HIA総合管理,[緑] 検査マスタ,未設定,#f1f5f9,#64748b,#cbd5e1
HIA総合管理,[緑] 検査マスタ,設定済,#e8f4ec,#15803d,#e8f4ec
HIA総合管理,[緑] 検査マスタ,未設定,#f1f5f9,#64748b,#cbd5e1
HIA総合管理,[緑] 検査マスタ,未設定,#f1f5f9,#64748b,#cbd5e1
HIA総合管理,[緑] 検査マスタ,設定済,#e8f4ec,#15803d,#e8f4ec
HIA総合管理,[緑] 検査マスタ,未設定,#f1f5f9,#64748b,#cbd5e1
HIA総合管理,[緑] 検査マスタ,未設定,#f1f5f9,#64748b,#cbd5e1
HIA総合管理,[緑] 検査マスタ,設定済,#e8f4ec,#15803d,#e8f4ec
HIA総合管理,[緑] 検査マスタ,未設定,#f1f5f9,#64748b,#cbd5e1
HIA総合管理,[緑] 検査マスタ,未設定,#f1f5f9,#64748b,#cbd5e1
HIA総合管理,[緑] 検査マスタ,設定済,#e8f4ec,#15803d,#e8f4ec
HIA総合管理,[緑] 検査マスタ,未設定,#f1f5f9,#64748b,#cbd5e1
HIA総合管理,[緑] 検査マスタ,未設定,#f1f5f9,#64748b,#cbd5e1
HIA総合管理,[緑] 検査マスタ,設定済,#e8f4ec,#15803d,#e8f4ec
HIA総合管理,[緑] 検査マスタ,未設定,#f1f5f9,#64748b,#cbd5e1
HIA総合管理,[緑] 検査マスタ,未設定,#f1f5f9,#64748b,#cbd5e1
HIA総合管理,[緑] 検査マスタ,設定済,#e8f4ec,#15803d,#e8f4ec
HIA総合管理,[緑] 検査マスタ,未設定,#f1f5f9,#64748b,#cbd5e1
HIA総合管理,[緑] 検査マスタ,未設定,#f1f5f9,#64748b,#cbd5e1
HIA総合管理,[緑] 検査マスタ,設定済,#e8f4ec,#15803d,#e8f4ec
HIA総合管理,[緑] 検査マスタ,未設定,#f1f5f9,#64748b,#cbd5e1
HIA総合管理,[緑] 検査マスタ,未設定,#f1f5f9,#64748b,#cbd5e1
HIA総合管理,[緑] 検査マスタ,設定済,#e8f4ec,#15803d,#e8f4ec
HIA総合管理,[緑] 検査マスタ,未設定,#f1f5f9,#64748b,#cbd5e1
HIA総合管理,[緑] 検査マスタ,未設定,#f1f5f9,#64748b,#cbd5e1
HIA総合管理,[緑] 検査マスタ,設定済,#e8f4ec,#15803d,#e8f4ec
HIA総合管理,[緑] 検査マスタ,未設定,#f1f5f9,#64748b,#cbd5e1
HIA総合管理,[緑] 検査マスタ,未設定,#f1f5f9,#64748b,#cbd5e1
HIA総合管理,[緑] 検査マスタ,設定済,#e8f4ec,#15803d,#e8f4ec
HIA総合管理,[緑] 検査マスタ,未設定,#f1f5f9,#64748b,#cbd5e1
HIA総合管理,[緑] 検査マスタ,未設定,#f1f5f9,#64748b,#cbd5e1
HIA総合管理,[緑] 検査マスタ,設定済,#e8f4ec,#15803d,#e8f4ec
HIA総合管理,[緑] 検査マスタ,未設定,#f1f5f9,#64748b,#cbd5e1
HIA総合管理,[緑] 検査マスタ,未設定,#f1f5f9,#64748b,#cbd5e1
HIA総合管理,[緑] 検査マスタ,設定済,#e8f4ec,#15803d,#e8f4ec
HIA総合管理,[緑] 検査マスタ,未設定,#f1f5f9,#64748b,#cbd5e1
HIA総合管理,[緑] 検査マスタ,未設定,#f1f5f9,#64748b,#cbd5e1
HIA総合管理,[緑] 検査マスタ,設定済,#e8f4ec,#15803d,#e8f4ec
HIA総合管理,[緑] 検査マスタ,未設定,#f1f5f9,#64748b,#cbd5e1
HIA総合管理,[緑] 検査マスタ,未設定,#f1f5f9,#64748b,#cbd5e1
HIA総合管理,[緑] 検査マスタ,設定済,#e8f4ec,#15803d,#e8f4ec
HIA総合管理,[緑] 検査マスタ,未設定,#f1f5f9,#64748b,#cbd5e1
HIA総合管理,[緑] 検査マスタ,未設定,#f1f5f9,#64748b,#cbd5e1
HIA総合管理,[緑] 検査マスタ,設定済,#e8f4ec,#15803d,#e8f4ec
HIA総合管理,[緑] 検査マスタ,未設定,#f1f5f9,#64748b,#cbd5e1
HIA総合管理,[緑] 検査マスタ,未設定,#f1f5f9,#64748b,#cbd5e1
HIA総合管理,[緑] 検査マスタ,設定済,#e8f4ec,#15803d,#e8f4ec
HIA総合管理,[緑] 検査マスタ,未設定,#f1f5f9,#64748b,#cbd5e1
HIA総合管理,[緑] 検査マスタ,未設定,#f1f5f9,#64748b,#cbd5e1
HIA総合管理,[緑] 検査マスタ,設定済,#e8f4ec,#15803d,#e8f4ec
HIA総合管理,[緑] 検査マスタ,未設定,#f1f5f9,#64748b,#cbd5e1
HIA総合管理,[緑] 検査マスタ,未設定,#f1f5f9,#64748b,#cbd5e1
HIA総合管理,[緑] 検査マスタ,設定済,#e8f4ec,#15803d,#e8f4ec
HIA総合管理,[緑] 検査マスタ,未設定,#f1f5f9,#64748b,#cbd5e1
HIA総合管理,[緑] 検査マスタ,未設定,#f1f5f9,#64748b,#cbd5e1
HIA総合管理,[緑] 検査マスタ,設定済,#e8f4ec,#15803d,#e8f4ec
HIA総合管理,[緑] 検査マスタ,未設定,#f1f5f9,#64748b,#cbd5e1
HIA総合管理,[緑] 検査マスタ,未設定,#f1f5f9,#64748b,#cbd5e1
HIA総合管理,[緑] 検査マスタ,設定済,#e8f4ec,#15803d,#e8f4ec
HIA総合管理,[緑] 検査マスタ,未設定,#f1f5f9,#64748b,#cbd5e1
HIA総合管理,[緑] 検査マスタ,未設定,#f1f5f9,#64748b,#cbd5e1
HIA総合管理,[緑] 検査マスタ,設定済,#e8f4ec,#15803d,#e8f4ec
HIA総合管理,[緑] 検査マスタ,未設定,#f1f5f9,#64748b,#cbd5e1
HIA総合管理,[緑] 検査マスタ,未設定,#f1f5f9,#64748b,#cbd5e1
HIA総合管理,[緑] 検査マスタ,設定済,#e8f4ec,#15803d,#e8f4ec
HIA総合管理,[緑] 検査マスタ,未設定,#f1f5f9,#64748b,#cbd5e1
HIA総合管理,[緑] 検査マスタ,未設定,#f1f5f9,#64748b,#cbd5e1
HIA総合管理,[緑] 検査マスタ,設定済,#e8f4ec,#15803d,#e8f4ec
HIA総合管理,[緑] 検査マスタ,未設定,#f1f5f9,#64748b,#cbd5e1
HIA総合管理,[緑] 検査マスタ,未設定,#f1f5f9,#64748b,#cbd5e1
HIA総合管理,[緑] 検査マスタ,設定済,#e8f4ec,#15803d,#e8f4ec
HIA総合管理,[緑] 検査マスタ,未設定,#f1f5f9,#64748b,#cbd5e1
HIA総合管理,[緑] 検査マスタ,未設定,#f1f5f9,#64748b,#cbd5e1
HIA総合管理,[緑] 検査マスタ,設定済,#e8f4ec,#15803d,#e8f4ec
HIA総合管理,[緑] 検査マスタ,未設定,#f1f5f9,#64748b,#cbd5e1
HIA総合管理,[緑] 検査マスタ,未設定,#f1f5f9,#64748b,#cbd5e1
HIA総合管理,[緑] 検査マスタ,設定済,#e8f4ec,#15803d,#e8f4ec
HIA総合管理,[緑] 検査マスタ,未設定,#f1f5f9,#64748b,#cbd5e1
HIA総合管理,[緑] 検査マスタ,未設定,#f1f5f9,#64748b,#cbd5e1
HIA総合管理,[緑] 検査マスタ,設定済,#e8f4ec,#15803d,#e8f4ec
HIA総合管理,[緑] 検査マスタ,未設定,#f1f5f9,#64748b,#cbd5e1
HIA総合管理,[緑] 検査マスタ,未設定,#f1f5f9,#64748b,#cbd5e1
HIA総合管理,[緑] 検査マスタ,設定済,#e8f4ec,#15803d,#e8f4ec
HIA総合管理,[緑] 検査マスタ,未設定,#f1f5f9,#64748b,#cbd5e1
HIA総合管理,[緑] 検査マスタ,未設定,#f1f5f9,#64748b,#cbd5e1
HIA総合管理,[緑] 検査マスタ,設定済,#e8f4ec,#15803d,#e8f4ec
HIA総合管理,[緑] 検査マスタ,未設定,#f1f5f9,#64748b,#cbd5e1
HIA総合管理,[緑] 検査マスタ,未設定,#f1f5f9,#64748b,#cbd5e1
HIA総合管理,[緑] 検査マスタ,設定済,#e8f4ec,#15803d,#e8f4ec
HIA総合管理,[緑] 検査マスタ,未設定,#f1f5f9,#64748b,#cbd5e1
HIA総合管理,[緑] 検査マスタ,未設定,#f1f5f9,#64748b,#cbd5e1
HIA総合管理,[緑] 検査マスタ,設定済,#e8f4ec,#15803d,#e8f4ec
HIA総合管理,[緑] 検査マスタ,未設定,#f1f5f9,#64748b,#cbd5e1
HIA総合管理,[緑] 検査マスタ,未設定,#f1f5f9,#64748b,#cbd5e1
HIA総合管理,[緑] 検査マスタ,設定済,#e8f4ec,#15803d,#e8f4ec
HIA総合管理,[緑] 検査マスタ,未設定,#f1f5f9,#64748b,#cbd5e1
HIA総合管理,[緑] 検査マスタ,未設定,#f1f5f9,#64748b,#cbd5e1
HIA総合管理,[緑] 検査マスタ,設定済,#e8f4ec,#15803d,#e8f4ec
HIA総合管理,[緑] 検査マスタ,未設定,#f1f5f9,#64748b,#cbd5e1
HIA総合管理,[緑] 検査マスタ,未設定,#f1f5f9,#64748b,#cbd5e1
HIA総合管理,[緑] 検査マスタ,設定済,#e8f4ec,#15803d,#e8f4ec
HIA総合管理,[緑] 検査マスタ,未設定,#f1f5f9,#64748b,#cbd5e1
HIA総合管理,[緑] 検査マスタ,未設定,#f1f5f9,#64748b,#cbd5e1
HIA総合管理,[緑] 検査マスタ,設定済,#e8f4ec,#15803d,#e8f4ec
HIA総合管理,[緑] 検査マスタ,未設定,#f1f5f9,#64748b,#cbd5e1
HIA総合管理,[緑] 検査マスタ,未設定,#f1f5f9,#64748b,#cbd5e1
HIA総合管理,[緑] 検査マスタ,設定済,#e8f4ec,#15803d,#e8f4ec
HIA総合管理,[緑] 検査マスタ,未設定,#f1f5f9,#64748b,#cbd5e1
HIA総合管理,[緑] 検査マスタ,未設定,#f1f5f9,#64748b,#cbd5e1
HIA総合管理,[緑] 検査マスタ,設定済,#e8f4ec,#15803d,#e8f4ec
HIA総合管理,[緑] 検査マスタ,未設定,#f1f5f9,#64748b,#cbd5e1
HIA総合管理,[緑] 検査マスタ,未設定,#f1f5f9,#64748b,#cbd5e1
HIA総合管理,[緑] 検査マスタ,設定済,#e8f4ec,#15803d,#e8f4ec
HIA総合管理,[緑] 検査マスタ,未設定,#f1f5f9,#64748b,#cbd5e1
HIA総合管理,[緑] 検査マスタ,未設定,#f1f5f9,#64748b,#cbd5e1
HIA総合管理,[緑] 検査マスタ,設定済,#e8f4ec,#15803d,#e8f4ec
HIA総合管理,[緑] 検査マスタ,未設定,#f1f5f9,#64748b,#cbd5e1
HIA総合管理,[緑] 検査マスタ,未設定,#f1f5f9,#64748b,#cbd5e1
HIA総合管理,[緑] 検査マスタ,設定済,#e8f4ec,#15803d,#e8f4ec
HIA総合管理,[緑] 検査マスタ,未設定,#f1f5f9,#64748b,#cbd5e1
HIA総合管理,[緑] 検査マスタ,未設定,#f1f5f9,#64748b,#cbd5e1
HIA総合管理,[緑] 検査マスタ,設定済,#e8f4ec,#15803d,#e8f4ec
HIA総合管理,[緑] 検査マスタ,未設定,#f1f5f9,#64748b,#cbd5e1
HIA総合管理,[緑] 検査マスタ,未設定,#f1f5f9,#64748b,#cbd5e1
HIA総合管理,[緑] 検査マスタ,設定済,#e8f4ec,#15803d,#e8f4ec
HIA総合管理,[緑] 検査マスタ,未設定,#f1f5f9,#64748b,#cbd5e1
HIA総合管理,[緑] 検査マスタ,未設定,#f1f5f9,#64748b,#cbd5e1
HIA総合管理,[緑] 検査マスタ,設定済,#e8f4ec,#15803d,#e8f4ec
HIA総合管理,[緑] 検査マスタ,未設定,#f1f5f9,#64748b,#cbd5e1
HIA総合管理,[緑] 検査マスタ,未設定,#f1f5f9,#64748b,#cbd5e1
HIA総合管理,[緑] 検査マスタ,設定済,#e8f4ec,#15803d,#e8f4ec
HIA総合管理,[緑] 検査マスタ,未設定,#f1f5f9,#64748b,#cbd5e1
HIA総合管理,[緑] 検査マスタ,未設定,#f1f5f9,#64748b,#cbd5e1
HIA総合管理,[緑] 検査マスタ,設定済,#e8f4ec,#15803d,#e8f4ec
HIA総合管理,[緑] 検査マスタ,未設定,#f1f5f9,#64748b,#cbd5e1
HIA総合管理,[緑] 検査マスタ,未設定,#f1f5f9,#64748b,#cbd5e1
HIA総合管理,[緑] 検査マスタ,設定済,#e8f4ec,#15803d,#e8f4ec
HIA総合管理,[緑] 検査マスタ,未設定,#f1f5f9,#64748b,#cbd5e1
HIA総合管理,[緑] 検査マスタ,未設定,#f1f5f9,#64748b,#cbd5e1
HIA総合管理,[緑] 検査マスタ,設定済,#e8f4ec,#15803d,#e8f4ec
HIA総合管理,[緑] 検査マスタ,未設定,#f1f5f9,#64748b,#cbd5e1
HIA総合管理,[緑] 検査マスタ,未設定,#f1f5f9,#64748b,#cbd5e1
HIA総合管理,[緑] 検査マスタ,設定済,#e8f4ec,#15803d,#e8f4ec
HIA総合管理,[緑] 検査マスタ,未設定,#f1f5f9,#64748b,#cbd5e1
HIA総合管理,[緑] 検査マスタ,未設定,#f1f5f9,#64748b,#cbd5e1
HIA総合管理,[緑] 検査マスタ,設定済,#e8f4ec,#15803d,#e8f4ec
HIA総合管理,[緑] 検査マスタ,未設定,#f1f5f9,#64748b,#cbd5e1
HIA総合管理,[緑] 検査マスタ,未設定,#f1f5f9,#64748b,#cbd5e1
HIA総合管理,[緑] 検査マスタ,設定済,#e8f4ec,#15803d,#e8f4ec
HIA総合管理,[緑] 検査マスタ,未設定,#f1f5f9,#64748b,#cbd5e1
HIA総合管理,[緑] 検査マスタ,未設定,#f1f5f9,#64748b,#cbd5e1
HIA総合管理,[緑] 検査マスタ,設定済,#e8f4ec,#15803d,#e8f4ec
HIA総合管理,[緑] 検査マスタ,未設定,#f1f5f9,#64748b,#cbd5e1
HIA総合管理,[緑] 検査マスタ,未設定,#f1f5f9,#64748b,#cbd5e1
HIA総合管理,[緑] 検査マスタ,設定済,#e8f4ec,#15803d,#e8f4ec
HIA総合管理,[緑] 検査マスタ,未設定,#f1f5f9,#64748b,#cbd5e1
HIA総合管理,[緑] 検査マスタ,未設定,#f1f5f9,#64748b,#cbd5e1
HIA総合管理,[緑] 検査マスタ,設定済,#e8f4ec,#15803d,#e8f4ec
HIA総合管理,[緑] 検査マスタ,未設定,#f1f5f9,#64748b,#cbd5e1
HIA総合管理,[緑] 検査マスタ,未設定,#f1f5f9,#64748b,#cbd5e1
HIA総合管理,[緑] 検査マスタ,設定済,#e8f4ec,#15803d,#e8f4ec
HIA総合管理,[緑] 検査マスタ,未設定,#f1f5f9,#64748b,#cbd5e1
HIA総合管理,[緑] 検査マスタ,未設定,#f1f5f9,#64748b,#cbd5e1
HIA総合管理,[緑] 検査マスタ,設定済,#e8f4ec,#15803d,#e8f4ec
HIA総合管理,[緑] 検査マスタ,未設定,#f1f5f9,#64748b,#cbd5e1
HIA総合管理,[緑] 検査マスタ,未設定,#f1f5f9,#64748b,#cbd5e1
HIA総合管理,[緑] 検査マスタ,設定済,#e8f4ec,#15803d,#e8f4ec
HIA総合管理,[緑] 検査マスタ,未設定,#f1f5f9,#64748b,#cbd5e1
HIA総合管理,[緑] 検査マスタ,未設定,#f1f5f9,#64748b,#cbd5e1
HIA総合管理,[緑] 検査マスタ,設定済,#e8f4ec,#15803d,#e8f4ec
HIA総合管理,[緑] 検査マスタ,未設定,#f1f5f9,#64748b,#cbd5e1
HIA総合管理,[緑] 検査マスタ,未設定,#f1f5f9,#64748b,#cbd5e1
HIA総合管理,[緑] 検査マスタ,設定済,#e8f4ec,#15803d,#e8f4ec
HIA総合管理,[緑] 検査マスタ,未設定,#f1f5f9,#64748b,#cbd5e1
HIA総合管理,[緑] 検査マスタ,未設定,#f1f5f9,#64748b,#cbd5e1
HIA総合管理,[緑] 検査マスタ,設定済,#e8f4ec,#15803d,#e8f4ec
HIA総合管理,[緑] 検査マスタ,未設定,#f1f5f9,#64748b,#cbd5e1
HIA総合管理,[緑] 検査マスタ,未設定,#f1f5f9,#64748b,#cbd5e1
HIA総合管理,[緑] 検査マスタ,設定済,#e8f4ec,#15803d,#e8f4ec
HIA総合管理,[緑] 検査マスタ,未設定,#f1f5f9,#64748b,#cbd5e1
HIA総合管理,[緑] 検査マスタ,未設定,#f1f5f9,#64748b,#cbd5e1
HIA総合管理,[緑] 検査マスタ,設定済,#e8f4ec,#15803d,#e8f4ec
HIA総合管理,[緑] 検査マスタ,未設定,#f1f5f9,#64748b,#cbd5e1
HIA総合管理,[緑] 検査マスタ,未設定,#f1f5f9,#64748b,#cbd5e1
HIA総合管理,[緑] 検査マスタ,設定済,#e8f4ec,#15803d,#e8f4ec
HIA総合管理,[緑] 検査マスタ,未設定,#f1f5f9,#64748b,#cbd5e1
HIA総合管理,[緑] 検査マスタ,未設定,#f1f5f9,#64748b,#cbd5e1
HIA総合管理,[緑] 検査マスタ,設定済,#e8f4ec,#15803d,#e8f4ec
HIA総合管理,[緑] 検査マスタ,未設定,#f1f5f9,#64748b,#cbd5e1
HIA総合管理,[緑] 検査マスタ,未設定,#f1f5f9,#64748b,#cbd5e1
HIA総合管理,[緑] 検査マスタ,設定済,#e8f4ec,#15803d,#e8f4ec
HIA総合管理,[緑] 検査マスタ,未設定,#f1f5f9,#64748b,#cbd5e1
HIA総合管理,[緑] 検査マスタ,未設定,#f1f5f9,#64748b,#cbd5e1
HIA総合管理,[緑] 検査マスタ,設定済,#e8f4ec,#15803d,#e8f4ec
HIA総合管理,[緑] 検査マスタ,未設定,#f1f5f9,#64748b,#cbd5e1
HIA総合管理,[緑] 検査マスタ,未設定,#f1f5f9,#64748b,#cbd5e1
HIA総合管理,[緑] 検査マスタ,設定済,#e8f4ec,#15803d,#e8f4ec
HIA総合管理,[緑] 検査マスタ,未設定,#f1f5f9,#64748b,#cbd5e1
HIA総合管理,[緑] 検査マスタ,未設定,#f1f5f9,#64748b,#cbd5e1
HIA総合管理,[緑] 検査マスタ,設定済,#e8f4ec,#15803d,#e8f4ec
HIA総合管理,[緑] 検査マスタ,未設定,#f1f5f9,#64748b,#cbd5e1
HIA総合管理,[緑] 検査マスタ,未設定,#f1f5f9,#64748b,#cbd5e1
HIA総合管理,[緑] 検査マスタ,設定済,#e8f4ec,#15803d,#e8f4ec
HIA総合管理,[緑] 検査マスタ,未設定,#f1f5f9,#64748b,#cbd5e1
HIA総合管理,[緑] 検査マスタ,未設定,#f1f5f9,#64748b,#cbd5e1
HIA総合管理,[緑] 検査マスタ,設定済,#e8f4ec,#15803d,#e8f4ec
HIA総合管理,[緑] 検査マスタ,未設定,#f1f5f9,#64748b,#cbd5e1
HIA総合管理,[緑] 検査マスタ,未設定,#f1f5f9,#64748b,#cbd5e1
HIA総合管理,[緑] 検査マスタ,設定済,#e8f4ec,#15803d,#e8f4ec
HIA総合管理,[緑] 検査マスタ,未設定,#f1f5f9,#64748b,#cbd5e1
HIA総合管理,[緑] 検査マスタ,未設定,#f1f5f9,#64748b,#cbd5e1
HIA総合管理,[緑] 検査マスタ,設定済,#e8f4ec,#15803d,#e8f4ec
HIA総合管理,[緑] 検査マスタ,未設定,#f1f5f9,#64748b,#cbd5e1
HIA総合管理,[緑] 検査マスタ,未設定,#f1f5f9,#64748b,#cbd5e1
HIA総合管理,[緑] 検査マスタ,設定済,#e8f4ec,#15803d,#e8f4ec
HIA総合管理,[緑] 検査マスタ,未設定,#f1f5f9,#64748b,#cbd5e1
HIA総合管理,[緑] 検査マスタ,未設定,#f1f5f9,#64748b,#cbd5e1
HIA総合管理,[緑] 検査マスタ,設定済,#e8f4ec,#15803d,#e8f4ec
HIA総合管理,[緑] 検査マスタ,未設定,#f1f5f9,#64748b,#cbd5e1
HIA総合管理,[緑] 検査マスタ,未設定,#f1f5f9,#64748b,#cbd5e1
HIA総合管理,[緑] 検査マスタ,設定済,#e8f4ec,#15803d,#e8f4ec
HIA総合管理,[緑] 検査マスタ,未設定,#f1f5f9,#64748b,#cbd5e1
HIA総合管理,[緑] 検査マスタ,未設定,#f1f5f9,#64748b,#cbd5e1
HIA総合管理,[緑] 検査マスタ,設定済,#e8f4ec,#15803d,#e8f4ec
HIA総合管理,[緑] 検査マスタ,未設定,#f1f5f9,#64748b,#cbd5e1
HIA総合管理,[緑] 検査マスタ,未設定,#f1f5f9,#64748b,#cbd5e1
HIA総合管理,[緑] 検査マスタ,設定済,#e8f4ec,#15803d,#e8f4ec
HIA総合管理,[緑] 検査マスタ,未設定,#f1f5f9,#64748b,#cbd5e1
HIA総合管理,[緑] 検査マスタ,未設定,#f1f5f9,#64748b,#cbd5e1
HIA総合管理,[緑] 検査マスタ,設定済,#e8f4ec,#15803d,#e8f4ec
HIA総合管理,[緑] 検査マスタ,未設定,#f1f5f9,#64748b,#cbd5e1
HIA総合管理,[緑] 検査マスタ,未設定,#f1f5f9,#64748b,#cbd5e1
HIA総合管理,[緑] 検査マスタ,設定済,#e8f4ec,#15803d,#e8f4ec
HIA総合管理,[緑] 検査マスタ,未設定,#f1f5f9,#64748b,#cbd5e1
HIA総合管理,[緑] 検査マスタ,未設定,#f1f5f9,#64748b,#cbd5e1
HIA総合管理,[緑] 検査マスタ,設定済,#e8f4ec,#15803d,#e8f4ec
HIA総合管理,[緑] 検査マスタ,未設定,#f1f5f9,#64748b,#cbd5e1
HIA総合管理,[緑] 検査マスタ,未設定,#f1f5f9,#64748b,#cbd5e1
HIA総合管理,[緑] 検査マスタ,設定済,#e8f4ec,#15803d,#e8f4ec
HIA総合管理,[緑] 検査マスタ,未設定,#f1f5f9,#64748b,#cbd5e1
HIA総合管理,[緑] 検査マスタ,未設定,#f1f5f9,#64748b,#cbd5e1
HIA総合管理,[緑] 検査マスタ,設定済,#e8f4ec,#15803d,#e8f4ec
HIA総合管理,[緑] 検査マスタ,未設定,#f1f5f9,#64748b,#cbd5e1
HIA総合管理,[緑] 検査マスタ,未設定,#f1f5f9,#64748b,#cbd5e1
HIA総合管理,[緑] 検査マスタ,設定済,#e8f4ec,#15803d,#e8f4ec
HIA総合管理,[緑] 検査マスタ,未設定,#f1f5f9,#64748b,#cbd5e1
HIA総合管理,[緑] 検査マスタ,未設定,#f1f5f9,#64748b,#cbd5e1
HIA総合管理,[緑] 検査マスタ,設定済,#e8f4ec,#15803d,#e8f4ec
HIA総合管理,[緑] 検査マスタ,未設定,#f1f5f9,#64748b,#cbd5e1
HIA総合管理,[緑] 検査マスタ,未設定,#f1f5f9,#64748b,#cbd5e1
HIA総合管理,[緑] 検査マスタ,設定済,#e8f4ec,#15803d,#e8f4ec
HIA総合管理,[緑] 検査マスタ,未設定,#f1f5f9,#64748b,#cbd5e1
HIA総合管理,[緑] 検査マスタ,未設定,#f1f5f9,#64748b,#cbd5e1
HIA総合管理,[緑] 検査マスタ,設定済,#e8f4ec,#15803d,#e8f4ec
HIA総合管理,[緑] 検査マスタ,未設定,#f1f5f9,#64748b,#cbd5e1
HIA総合管理,[緑] 検査マスタ,未設定,#f1f5f9,#64748b,#cbd5e1
HIA総合管理,[緑] 検査マスタ,設定済,#e8f4ec,#15803d,#e8f4ec
HIA総合管理,[緑] 検査マスタ,未設定,#f1f5f9,#64748b,#cbd5e1
HIA総合管理,[緑] 検査マスタ,未設定,#f1f5f9,#64748b,#cbd5e1
HIA総合管理,[緑] 検査マスタ,設定済,#e8f4ec,#15803d,#e8f4ec
HIA総合管理,[緑] 検査マスタ,未設定,#f1f5f9,#64748b,#cbd5e1
HIA総合管理,[緑] 検査マスタ,未設定,#f1f5f9,#64748b,#cbd5e1
HIA総合管理,[緑] 検査マスタ,設定済,#e8f4ec,#15803d,#e8f4ec
HIA総合管理,[緑] 検査マスタ,未設定,#f1f5f9,#64748b,#cbd5e1
HIA総合管理,[緑] 検査マスタ,未設定,#f1f5f9,#64748b,#cbd5e1
HIA総合管理,[緑] 検査マスタ,設定済,#e8f4ec,#15803d,#e8f4ec
HIA総合管理,[緑] 検査マスタ,未設定,#f1f5f9,#64748b,#cbd5e1
HIA総合管理,[緑] 検査マスタ,未設定,#f1f5f9,#64748b,#cbd5e1
HIA総合管理,[緑] 検査マスタ,設定済,#e8f4ec,#15803d,#e8f4ec
HIA総合管理,[緑] 検査マスタ,未設定,#f1f5f9,#64748b,#cbd5e1
HIA総合管理,[緑] 検査マスタ,未設定,#f1f5f9,#64748b,#cbd5e1
HIA総合管理,[緑] 検査マスタ,設定済,#e8f4ec,#15803d,#e8f4ec
HIA総合管理,[緑] 検査マスタ,未設定,#f1f5f9,#64748b,#cbd5e1
HIA総合管理,[緑] 検査マスタ,未設定,#f1f5f9,#64748b,#cbd5e1
HIA総合管理,[緑] 検査マスタ,設定済,#e8f4ec,#15803d,#e8f4ec
HIA総合管理,[緑] 検査マスタ,未設定,#f1f5f9,#64748b,#cbd5e1
HIA総合管理,[緑] 検査マスタ,未設定,#f1f5f9,#64748b,#cbd5e1
HIA総合管理,[緑] 検査マスタ,設定済,#e8f4ec,#15803d,#e8f4ec
HIA総合管理,[緑] 検査マスタ,未設定,#f1f5f9,#64748b,#cbd5e1
HIA総合管理,[緑] 検査マスタ,未設定,#f1f5f9,#64748b,#cbd5e1
HIA総合管理,[緑] 検査マスタ,設定済,#e8f4ec,#15803d,#e8f4ec
HIA総合管理,[緑] 検査マスタ,未設定,#f1f5f9,#64748b,#cbd5e1
HIA総合管理,[緑] 検査マスタ,未設定,#f1f5f9,#64748b,#cbd5e1
HIA総合管理,[緑] 検査マスタ,設定済,#e8f4ec,#15803d,#e8f4ec
HIA総合管理,[緑] 検査マスタ,未設定,#f1f5f9,#64748b,#cbd5e1
HIA総合管理,[緑] 検査マスタ,未設定,#f1f5f9,#64748b,#cbd5e1
HIA総合管理,[緑] 検査マスタ,設定済,#e8f4ec,#15803d,#e8f4ec
HIA総合管理,[緑] 検査マスタ,未設定,#f1f5f9,#64748b,#cbd5e1
HIA総合管理,[緑] 検査マスタ,未設定,#f1f5f9,#64748b,#cbd5e1
HIA総合管理,[緑] 検査マスタ,設定済,#e8f4ec,#15803d,#e8f4ec
HIA総合管理,[緑] 検査マスタ,未設定,#f1f5f9,#64748b,#cbd5e1
HIA総合管理,[緑] 検査マスタ,未設定,#f1f5f9,#64748b,#cbd5e1
HIA総合管理,[緑] 検査マスタ,設定済,#e8f4ec,#15803d,#e8f4ec
HIA総合管理,[緑] 検査マスタ,未設定,#f1f5f9,#64748b,#cbd5e1
HIA総合管理,[緑] 検査マスタ,未設定,#f1f5f9,#64748b,#cbd5e1
HIA総合管理,[緑] 検査マスタ,設定済,#e8f4ec,#15803d,#e8f4ec
HIA総合管理,[緑] 検査マスタ,未設定,#f1f5f9,#64748b,#cbd5e1
HIA総合管理,[緑] 検査マスタ,未設定,#f1f5f9,#64748b,#cbd5e1
HIA総合管理,[緑] 検査マスタ,設定済,#e8f4ec,#15803d,#e8f4ec
HIA総合管理,[緑] 検査マスタ,未設定,#f1f5f9,#64748b,#cbd5e1
HIA総合管理,[緑] 検査マスタ,未設定,#f1f5f9,#64748b,#cbd5e1
HIA総合管理,[緑] 検査マスタ,設定済,#e8f4ec,#15803d,#e8f4ec
HIA総合管理,[緑] 検査マスタ,未設定,#f1f5f9,#64748b,#cbd5e1
HIA総合管理,[緑] 検査マスタ,未設定,#f1f5f9,#64748b,#cbd5e1
HIA総合管理,[緑] 検査マスタ,設定済,#e8f4ec,#15803d,#e8f4ec
HIA総合管理,[緑] 検査マスタ,未設定,#f1f5f9,#64748b,#cbd5e1
HIA総合管理,[緑] 検査マスタ,未設定,#f1f5f9,#64748b,#cbd5e1
HIA総合管理,[緑] 検査マスタ,設定済,#e8f4ec,#15803d,#e8f4ec
HIA総合管理,[緑] 検査マスタ,未設定,#f1f5f9,#64748b,#cbd5e1
HIA総合管理,[緑] 検査マスタ,未設定,#f1f5f9,#64748b,#cbd5e1
HIA総合管理,[緑] 検査マスタ,設定済,#e8f4ec,#15803d,#e8f4ec
HIA総合管理,[緑] 検査マスタ,未設定,#f1f5f9,#64748b,#cbd5e1
HIA総合管理,[緑] 検査マスタ,未設定,#f1f5f9,#64748b,#cbd5e1
HIA総合管理,[緑] 検査マスタ,設定済,#e8f4ec,#15803d,#e8f4ec
HIA総合管理,[緑] 検査マスタ,未設定,#f1f5f9,#64748b,#cbd5e1
HIA総合管理,[緑] 検査マスタ,未設定,#f1f5f9,#64748b,#cbd5e1
HIA総合管理,[緑] 検査マスタ,設定済,#e8f4ec,#15803d,#e8f4ec
HIA総合管理,[緑] 検査マスタ,未設定,#f1f5f9,#64748b,#cbd5e1
HIA総合管理,[緑] 検査マスタ,未設定,#f1f5f9,#64748b,#cbd5e1
HIA総合管理,[緑] 検査マスタ,設定済,#e8f4ec,#15803d,#e8f4ec
HIA総合管理,[緑] 検査マスタ,未設定,#f1f5f9,#64748b,#cbd5e1
HIA総合管理,[緑] 検査マスタ,未設定,#f1f5f9,#64748b,#cbd5e1
HIA総合管理,[緑] 検査マスタ,設定済,#e8f4ec,#15803d,#e8f4ec
HIA総合管理,[緑] 検査マスタ,未設定,#f1f5f9,#64748b,#cbd5e1
HIA総合管理,[緑] 検査マスタ,未設定,#f1f5f9,#64748b,#cbd5e1
HIA総合管理,[緑] 検査マスタ,設定済,#e8f4ec,#15803d,#e8f4ec
HIA総合管理,[緑] 検査マスタ,未設定,#f1f5f9,#64748b,#cbd5e1
HIA総合管理,[緑] 検査マスタ,未設定,#f1f5f9,#64748b,#cbd5e1
HIA総合管理,[緑] 検査マスタ,設定済,#e8f4ec,#15803d,#e8f4ec
HIA総合管理,[緑] 検査マスタ,未設定,#f1f5f9,#64748b,#cbd5e1
HIA総合管理,[緑] 検査マスタ,未設定,#f1f5f9,#64748b,#cbd5e1
HIA総合管理,[緑] 検査マスタ,設定済,#e8f4ec,#15803d,#e8f4ec
HIA総合管理,[緑] 検査マスタ,未設定,#f1f5f9,#64748b,#cbd5e1
HIA総合管理,[緑] 検査マスタ,未設定,#f1f5f9,#64748b,#cbd5e1
HIA総合管理,[緑] 検査マスタ,設定済,#e8f4ec,#15803d,#e8f4ec
HIA総合管理,[緑] 検査マスタ,未設定,#f1f5f9,#64748b,#cbd5e1
HIA総合管理,[緑] 検査マスタ,未設定,#f1f5f9,#64748b,#cbd5e1
HIA総合管理,[緑] 検査マスタ,設定済,#e8f4ec,#15803d,#e8f4ec
HIA総合管理,[緑] 検査マスタ,未設定,#f1f5f9,#64748b,#cbd5e1
HIA総合管理,[緑] 検査マスタ,未設定,#f1f5f9,#64748b,#cbd5e1
HIA総合管理,[緑] 検査マスタ,設定済,#e8f4ec,#15803d,#e8f4ec
HIA総合管理,[緑] 検査マスタ,未設定,#f1f5f9,#64748b,#cbd5e1
HIA総合管理,[緑] 検査マスタ,未設定,#f1f5f9,#64748b,#cbd5e1
HIA総合管理,[緑] 検査マスタ,設定済,#e8f4ec,#15803d,#e8f4ec
HIA総合管理,[緑] 検査マスタ,未設定,#f1f5f9,#64748b,#cbd5e1
HIA総合管理,[緑] 検査マスタ,未設定,#f1f5f9,#64748b,#cbd5e1
HIA総合管理,[緑] 検査マスタ,設定済,#e8f4ec,#15803d,#e8f4ec
HIA総合管理,[緑] 検査マスタ,未設定,#f1f5f9,#64748b,#cbd5e1
HIA総合管理,[緑] 検査マスタ,未設定,#f1f5f9,#64748b,#cbd5e1
HIA総合管理,[緑] 検査マスタ,設定済,#e8f4ec,#15803d,#e8f4ec
HIA総合管理,[緑] 検査マスタ,未設定,#f1f5f9,#64748b,#cbd5e1
HIA総合管理,[緑] 検査マスタ,未設定,#f1f5f9,#64748b,#cbd5e1
HIA総合管理,[緑] 検査マスタ,設定済,#e8f4ec,#15803d,#e8f4ec
HIA総合管理,[緑] 検査マスタ,未設定,#f1f5f9,#64748b,#cbd5e1
HIA総合管理,[緑] 検査マスタ,未設定,#f1f5f9,#64748b,#cbd5e1
HIA総合管理,[緑] 検査マスタ,設定済,#e8f4ec,#15803d,#e8f4ec
HIA総合管理,[緑] 検査マスタ,未設定,#f1f5f9,#64748b,#cbd5e1
HIA総合管理,[緑] 検査マスタ,未設定,#f1f5f9,#64748b,#cbd5e1
HIA総合管理,[緑] 検査マスタ,設定済,#e8f4ec,#15803d,#e8f4ec
HIA総合管理,[緑] 検査マスタ,未設定,#f1f5f9,#64748b,#cbd5e1
HIA総合管理,[緑] 検査マスタ,未設定,#f1f5f9,#64748b,#cbd5e1
HIA総合管理,[緑] 検査マスタ,設定済,#e8f4ec,#15803d,#e8f4ec
HIA総合管理,[緑] 検査マスタ,未設定,#f1f5f9,#64748b,#cbd5e1
HIA総合管理,[緑] 検査マスタ,未設定,#f1f5f9,#64748b,#cbd5e1
HIA総合管理,[緑] 検査マスタ,設定済,#e8f4ec,#15803d,#e8f4ec
HIA総合管理,[緑] 検査マスタ,未設定,#f1f5f9,#64748b,#cbd5e1
HIA総合管理,[緑] 検査マスタ,未設定,#f1f5f9,#64748b,#cbd5e1
HIA総合管理,[緑] 検査マスタ,設定済,#e8f4ec,#15803d,#e8f4ec
HIA総合管理,[緑] 検査マスタ,未設定,#f1f5f9,#64748b,#cbd5e1
HIA総合管理,[緑] 検査マスタ,未設定,#f1f5f9,#64748b,#cbd5e1
HIA総合管理,[緑] 検査マスタ,設定済,#e8f4ec,#15803d,#e8f4ec
HIA総合管理,[緑] 検査マスタ,未設定,#f1f5f9,#64748b,#cbd5e1
HIA総合管理,[緑] 検査マスタ,未設定,#f1f5f9,#64748b,#cbd5e1
HIA総合管理,[緑] 検査マスタ,設定済,#e8f4ec,#15803d,#e8f4ec
HIA総合管理,[緑] 検査マスタ,未設定,#f1f5f9,#64748b,#cbd5e1
HIA総合管理,[緑] 検査マスタ,未設定,#f1f5f9,#64748b,#cbd5e1
HIA総合管理,[緑] 検査マスタ,設定済,#e8f4ec,#15803d,#e8f4ec
HIA総合管理,[緑] 検査マスタ,未設定,#f1f5f9,#64748b,#cbd5e1
HIA総合管理,[緑] 検査マスタ,未設定,#f1f5f9,#64748b,#cbd5e1
HIA総合管理,[緑] 検査マスタ,設定済,#e8f4ec,#15803d,#e8f4ec
HIA総合管理,[緑] 検査マスタ,未設定,#f1f5f9,#64748b,#cbd5e1
HIA総合管理,[緑] 検査マスタ,未設定,#f1f5f9,#64748b,#cbd5e1
HIA総合管理,[緑] 検査マスタ,設定済,#e8f4ec,#15803d,#e8f4ec
HIA総合管理,[緑] 検査マスタ,未設定,#f1f5f9,#64748b,#cbd5e1
HIA総合管理,[緑] 検査マスタ,未設定,#f1f5f9,#64748b,#cbd5e1
HIA総合管理,[緑] 検査マスタ,設定済,#e8f4ec,#15803d,#e8f4ec
HIA総合管理,[緑] 検査マスタ,未設定,#f1f5f9,#64748b,#cbd5e1
HIA総合管理,[緑] 検査マスタ,未設定,#f1f5f9,#64748b,#cbd5e1
HIA総合管理,[緑] 検査マスタ,設定済,#e8f4ec,#15803d,#e8f4ec
HIA総合管理,[緑] 検査マスタ,未設定,#f1f5f9,#64748b,#cbd5e1
HIA総合管理,[緑] 検査マスタ,未設定,#f1f5f9,#64748b,#cbd5e1
HIA総合管理,[緑] 検査マスタ,設定済,#e8f4ec,#15803d,#e8f4ec
HIA総合管理,[緑] 検査マスタ,未設定,#f1f5f9,#64748b,#cbd5e1
HIA総合管理,[緑] 検査マスタ,未設定,#f1f5f9,#64748b,#cbd5e1
HIA総合管理,[緑] 検査マスタ,設定済,#e8f4ec,#15803d,#e8f4ec
HIA総合管理,[緑] 検査マスタ,未設定,#f1f5f9,#64748b,#cbd5e1
HIA総合管理,[緑] 検査マスタ,未設定,#f1f5f9,#64748b,#cbd5e1
HIA総合管理,[緑] 検査マスタ,設定済,#e8f4ec,#15803d,#e8f4ec
HIA総合管理,[緑] 検査マスタ,未設定,#f1f5f9,#64748b,#cbd5e1
HIA総合管理,[緑] 検査マスタ,未設定,#f1f5f9,#64748b,#cbd5e1
HIA総合管理,[緑] 検査マスタ,設定済,#e8f4ec,#15803d,#e8f4ec
HIA総合管理,[緑] 検査マスタ,未設定,#f1f5f9,#64748b,#cbd5e1
HIA総合管理,[緑] 検査マスタ,未設定,#f1f5f9,#64748b,#cbd5e1
HIA総合管理,[緑] 検査マスタ,設定済,#e8f4ec,#15803d,#e8f4ec
HIA総合管理,[緑] 検査マスタ,未設定,#f1f5f9,#64748b,#cbd5e1
HIA総合管理,[緑] 検査マスタ,未設定,#f1f5f9,#64748b,#cbd5e1
HIA総合管理,[緑] 検査マスタ,設定済,#e8f4ec,#15803d,#e8f4ec
HIA総合管理,[緑] 検査マスタ,未設定,#f1f5f9,#64748b,#cbd5e1
HIA総合管理,[緑] 検査マスタ,未設定,#f1f5f9,#64748b,#cbd5e1
HIA総合管理,[緑] 検査マスタ,設定済,#e8f4ec,#15803d,#e8f4ec
HIA総合管理,[緑] 検査マスタ,未設定,#f1f5f9,#64748b,#cbd5e1
HIA総合管理,[緑] 検査マスタ,未設定,#f1f5f9,#64748b,#cbd5e1
HIA総合管理,[緑] 検査マスタ,設定済,#e8f4ec,#15803d,#e8f4ec
HIA総合管理,[緑] 検査マスタ,未設定,#f1f5f9,#64748b,#cbd5e1
HIA総合管理,[緑] 検査マスタ,未設定,#f1f5f9,#64748b,#cbd5e1
HIA総合管理,[緑] 検査マスタ,設定済,#e8f4ec,#15803d,#e8f4ec
HIA総合管理,[緑] 検査マスタ,未設定,#f1f5f9,#64748b,#cbd5e1
HIA総合管理,[緑] 検査マスタ,未設定,#f1f5f9,#64748b,#cbd5e1
HIA総合管理,[緑] 検査マスタ,設定済,#e8f4ec,#15803d,#e8f4ec
HIA総合管理,[緑] 検査マスタ,未設定,#f1f5f9,#64748b,#cbd5e1
HIA総合管理,[緑] 検査マスタ,未設定,#f1f5f9,#64748b,#cbd5e1
HIA総合管理,[緑] 検査マスタ,設定済,#e8f4ec,#15803d,#e8f4ec
HIA総合管理,[緑] 検査マスタ,未設定,#f1f5f9,#64748b,#cbd5e1
HIA総合管理,[緑] 検査マスタ,未設定,#f1f5f9,#64748b,#cbd5e1
HIA総合管理,[緑] 検査マスタ,設定済,#e8f4ec,#15803d,#e8f4ec
HIA総合管理,[緑] 検査マスタ,未設定,#f1f5f9,#64748b,#cbd5e1
HIA総合管理,[緑] 検査マスタ,未設定,#f1f5f9,#64748b,#cbd5e1
HIA総合管理,[緑] 検査マスタ,設定済,#e8f4ec,#15803d,#e8f4ec
HIA総合管理,[緑] 検査マスタ,未設定,#f1f5f9,#64748b,#cbd5e1
HIA総合管理,[緑] 検査マスタ,未設定,#f1f5f9,#64748b,#cbd5e1
HIA総合管理,[緑] 検査マスタ,設定済,#e8f4ec,#15803d,#e8f4ec
HIA総合管理,[緑] 検査マスタ,未設定,#f1f5f9,#64748b,#cbd5e1
HIA総合管理,[緑] 検査マスタ,未設定,#f1f5f9,#64748b,#cbd5e1
HIA総合管理,[緑] 検査マスタ,設定済,#e8f4ec,#15803d,#e8f4ec
HIA総合管理,[緑] 検査マスタ,未設定,#f1f5f9,#64748b,#cbd5e1
HIA総合管理,[緑] 検査マスタ,未設定,#f1f5f9,#64748b,#cbd5e1
HIA総合管理,[緑] 検査マスタ,設定済,#e8f4ec,#15803d,#e8f4ec
HIA総合管理,[緑] 検査マスタ,未設定,#f1f5f9,#64748b,#cbd5e1
HIA総合管理,[緑] 検査マスタ,未設定,#f1f5f9,#64748b,#cbd5e1
HIA総合管理,[緑] 検査マスタ,設定済,#e8f4ec,#15803d,#e8f4ec
HIA総合管理,[緑] 検査マスタ,未設定,#f1f5f9,#64748b,#cbd5e1
HIA総合管理,[緑] 検査マスタ,未設定,#f1f5f9,#64748b,#cbd5e1
HIA総合管理,[緑] 検査マスタ,設定済,#e8f4ec,#15803d,#e8f4ec
HIA総合管理,[緑] 検査マスタ,未設定,#f1f5f9,#64748b,#cbd5e1
HIA総合管理,[緑] 検査マスタ,未設定,#f1f5f9,#64748b,#cbd5e1
HIA総合管理,[緑] 検査マスタ,設定済,#e8f4ec,#15803d,#e8f4ec
HIA総合管理,[緑] 検査マスタ,未設定,#f1f5f9,#64748b,#cbd5e1
HIA総合管理,[緑] 検査マスタ,未設定,#f1f5f9,#64748b,#cbd5e1
HIA総合管理,[緑] 検査マスタ,設定済,#e8f4ec,#15803d,#e8f4ec
HIA総合管理,[緑] 検査マスタ,未設定,#f1f5f9,#64748b,#cbd5e1
HIA総合管理,[緑] 検査マスタ,未設定,#f1f5f9,#64748b,#cbd5e1
HIA総合管理,[緑] 検査マスタ,設定済,#e8f4ec,#15803d,#e8f4ec
HIA総合管理,[緑] 検査マスタ,未設定,#f1f5f9,#64748b,#cbd5e1
HIA総合管理,[緑] 検査マスタ,未設定,#f1f5f9,#64748b,#cbd5e1
HIA総合管理,[緑] 検査マスタ,設定済,#e8f4ec,#15803d,#e8f4ec
HIA総合管理,[緑] 検査マスタ,未設定,#f1f5f9,#64748b,#cbd5e1
HIA総合管理,[緑] 検査マスタ,未設定,#f1f5f9,#64748b,#cbd5e1
HIA総合管理,[緑] 検査マスタ,設定済,#e8f4ec,#15803d,#e8f4ec
HIA総合管理,[緑] 検査マスタ,未設定,#f1f5f9,#64748b,#cbd5e1
HIA総合管理,[緑] 検査マスタ,未設定,#f1f5f9,#64748b,#cbd5e1
HIA総合管理,[緑] 検査マスタ,設定済,#e8f4ec,#15803d,#e8f4ec
HIA総合管理,[緑] 検査マスタ,未設定,#f1f5f9,#64748b,#cbd5e1
HIA総合管理,[緑] 検査マスタ,未設定,#f1f5f9,#64748b,#cbd5e1
HIA総合管理,[緑] 検査マスタ,設定済,#e8f4ec,#15803d,#e8f4ec
HIA総合管理,[緑] 検査マスタ,未設定,#f1f5f9,#64748b,#cbd5e1
HIA総合管理,[緑] 検査マスタ,未設定,#f1f5f9,#64748b,#cbd5e1
HIA総合管理,[緑] 検査マスタ,設定済,#e8f4ec,#15803d,#e8f4ec
HIA総合管理,[緑] 検査マスタ,未設定,#f1f5f9,#64748b,#cbd5e1
HIA総合管理,[緑] 検査マスタ,未設定,#f1f5f9,#64748b,#cbd5e1
HIA総合管理,[緑] 検査マスタ,設定済,#e8f4ec,#15803d,#e8f4ec
HIA総合管理,[緑] 検査マスタ,未設定,#f1f5f9,#64748b,#cbd5e1
HIA総合管理,[緑] 検査マスタ,未設定,#f1f5f9,#64748b,#cbd5e1
HIA総合管理,[緑] 検査マスタ,設定済,#e8f4ec,#15803d,#e8f4ec
HIA総合管理,[緑] 検査マスタ,未設定,#f1f5f9,#64748b,#cbd5e1
HIA総合管理,[緑] 検査マスタ,未設定,#f1f5f9,#64748b,#cbd5e1
HIA総合管理,[緑] OID結果マスタ,戻る,#ffffff,#666666,#cccccc
HIA総合管理,[緑] OID結果マスタ,新規作成,#2f4f4f,#ffffff,#2f4f4f
HIA総合管理,[緑] OID結果マスタ,編集,#e8f4ec,#15803d,#e8f4ec
HIA総合管理,[緑] OID結果マスタ,削除,#ffffff,#e53e3e,#fed7d7
HIA総合管理,[緑] OID結果マスタ,編集,#e8f4ec,#15803d,#e8f4ec
HIA総合管理,[緑] OID結果マスタ,削除,#ffffff,#e53e3e,#fed7d7
HIA総合管理,[緑] OID結果マスタ,編集,#e8f4ec,#15803d,#e8f4ec
HIA総合管理,[緑] OID結果マスタ,削除,#ffffff,#e53e3e,#fed7d7
HIA総合管理,[緑] OID結果マスタ,編集,#e8f4ec,#15803d,#e8f4ec
HIA総合管理,[緑] OID結果マスタ,削除,#ffffff,#e53e3e,#fed7d7
HIA総合管理,[緑] OID結果マスタ,編集,#e8f4ec,#15803d,#e8f4ec
HIA総合管理,[緑] OID結果マスタ,削除,#ffffff,#e53e3e,#fed7d7
HIA総合管理,[緑] OID結果マスタ,編集,#e8f4ec,#15803d,#e8f4ec
HIA総合管理,[緑] OID結果マスタ,削除,#ffffff,#e53e3e,#fed7d7
HIA総合管理,[緑] OID結果マスタ,編集,#e8f4ec,#15803d,#e8f4ec
HIA総合管理,[緑] OID結果マスタ,削除,#ffffff,#e53e3e,#fed7d7
HIA総合管理,[緑] OID結果マスタ,編集,#e8f4ec,#15803d,#e8f4ec
HIA総合管理,[緑] OID結果マスタ,削除,#ffffff,#e53e3e,#fed7d7
HIA総合管理,[緑] OID結果マスタ,編集,#e8f4ec,#15803d,#e8f4ec
HIA総合管理,[緑] OID結果マスタ,削除,#ffffff,#e53e3e,#fed7d7
HIA総合管理,[緑] OID結果マスタ,編集,#e8f4ec,#15803d,#e8f4ec
HIA総合管理,[緑] OID結果マスタ,削除,#ffffff,#e53e3e,#fed7d7
HIA総合管理,[緑] OID結果マスタ,編集,#e8f4ec,#15803d,#e8f4ec
HIA総合管理,[緑] OID結果マスタ,削除,#ffffff,#e53e3e,#fed7d7
HIA総合管理,[緑] OID結果マスタ,編集,#e8f4ec,#15803d,#e8f4ec
HIA総合管理,[緑] OID結果マスタ,削除,#ffffff,#e53e3e,#fed7d7
HIA総合管理,[緑] OID結果マスタ,編集,#e8f4ec,#15803d,#e8f4ec
HIA総合管理,[緑] OID結果マスタ,削除,#ffffff,#e53e3e,#fed7d7
HIA総合管理,[緑] OID結果マスタ,編集,#e8f4ec,#15803d,#e8f4ec
HIA総合管理,[緑] OID結果マスタ,削除,#ffffff,#e53e3e,#fed7d7
HIA総合管理,[緑] OID結果マスタ,編集,#e8f4ec,#15803d,#e8f4ec
HIA総合管理,[緑] OID結果マスタ,削除,#ffffff,#e53e3e,#fed7d7
HIA総合管理,[緑] OID結果マスタ,編集,#e8f4ec,#15803d,#e8f4ec
HIA総合管理,[緑] OID結果マスタ,削除,#ffffff,#e53e3e,#fed7d7
HIA総合管理,[緑] OID結果マスタ,編集,#e8f4ec,#15803d,#e8f4ec
HIA総合管理,[緑] OID結果マスタ,削除,#ffffff,#e53e3e,#fed7d7
HIA総合管理,[緑] OID結果マスタ,編集,#e8f4ec,#15803d,#e8f4ec
HIA総合管理,[緑] OID結果マスタ,削除,#ffffff,#e53e3e,#fed7d7
HIA総合管理,[緑] OID結果マスタ,編集,#e8f4ec,#15803d,#e8f4ec
HIA総合管理,[緑] OID結果マスタ,削除,#ffffff,#e53e3e,#fed7d7
HIA総合管理,[緑] OID結果マスタ,編集,#e8f4ec,#15803d,#e8f4ec
HIA総合管理,[緑] OID結果マスタ,削除,#ffffff,#e53e3e,#fed7d7
HIA総合管理,[緑] OID結果マスタ,編集,#e8f4ec,#15803d,#e8f4ec
HIA総合管理,[緑] OID結果マスタ,削除,#ffffff,#e53e3e,#fed7d7
HIA総合管理,[緑] OID結果マスタ,編集,#e8f4ec,#15803d,#e8f4ec
HIA総合管理,[緑] OID結果マスタ,削除,#ffffff,#e53e3e,#fed7d7
HIA総合管理,[緑] OID結果マスタ,編集,#e8f4ec,#15803d,#e8f4ec
HIA総合管理,[緑] OID結果マスタ,削除,#ffffff,#e53e3e,#fed7d7
HIA総合管理,[緑] OID結果マスタ,編集,#e8f4ec,#15803d,#e8f4ec
HIA総合管理,[緑] OID結果マスタ,削除,#ffffff,#e53e3e,#fed7d7
HIA総合管理,[緑] OID結果マスタ,編集,#e8f4ec,#15803d,#e8f4ec
HIA総合管理,[緑] OID結果マスタ,削除,#ffffff,#e53e3e,#fed7d7
HIA総合管理,[緑] OID結果マスタ,編集,#e8f4ec,#15803d,#e8f4ec
HIA総合管理,[緑] OID結果マスタ,削除,#ffffff,#e53e3e,#fed7d7
HIA総合管理,[緑] OID結果マスタ,編集,#e8f4ec,#15803d,#e8f4ec
HIA総合管理,[緑] OID結果マスタ,削除,#ffffff,#e53e3e,#fed7d7
HIA総合管理,[緑] OID結果マスタ,編集,#e8f4ec,#15803d,#e8f4ec
HIA総合管理,[緑] OID結果マスタ,削除,#ffffff,#e53e3e,#fed7d7
HIA総合管理,[緑] OID結果マスタ,編集,#e8f4ec,#15803d,#e8f4ec
HIA総合管理,[緑] OID結果マスタ,削除,#ffffff,#e53e3e,#fed7d7
HIA総合管理,[緑] OID結果マスタ,編集,#e8f4ec,#15803d,#e8f4ec
HIA総合管理,[緑] OID結果マスタ,削除,#ffffff,#e53e3e,#fed7d7
HIA総合管理,[緑] OID結果マスタ,編集,#e8f4ec,#15803d,#e8f4ec
HIA総合管理,[緑] OID結果マスタ,削除,#ffffff,#e53e3e,#fed7d7
HIA総合管理,[緑] OID結果マスタ,編集,#e8f4ec,#15803d,#e8f4ec
HIA総合管理,[緑] OID結果マスタ,削除,#ffffff,#e53e3e,#fed7d7
HIA総合管理,[緑] OID結果マスタ,編集,#e8f4ec,#15803d,#e8f4ec
HIA総合管理,[緑] OID結果マスタ,削除,#ffffff,#e53e3e,#fed7d7
HIA総合管理,[緑] OID結果マスタ,編集,#e8f4ec,#15803d,#e8f4ec
HIA総合管理,[緑] OID結果マスタ,削除,#ffffff,#e53e3e,#fed7d7
HIA総合管理,[緑] OID結果マスタ,編集,#e8f4ec,#15803d,#e8f4ec
HIA総合管理,[緑] OID結果マスタ,削除,#ffffff,#e53e3e,#fed7d7
HIA総合管理,[緑] OID結果マスタ,編集,#e8f4ec,#15803d,#e8f4ec
HIA総合管理,[緑] OID結果マスタ,削除,#ffffff,#e53e3e,#fed7d7
HIA総合管理,[緑] OID結果マスタ,編集,#e8f4ec,#15803d,#e8f4ec
HIA総合管理,[緑] OID結果マスタ,削除,#ffffff,#e53e3e,#fed7d7
HIA総合管理,[緑] OID結果マスタ,編集,#e8f4ec,#15803d,#e8f4ec
HIA総合管理,[緑] OID結果マスタ,削除,#ffffff,#e53e3e,#fed7d7
HIA総合管理,[緑] OID結果マスタ,編集,#e8f4ec,#15803d,#e8f4ec
HIA総合管理,[緑] OID結果マスタ,削除,#ffffff,#e53e3e,#fed7d7
HIA総合管理,[緑] OID結果マスタ,編集,#e8f4ec,#15803d,#e8f4ec
HIA総合管理,[緑] OID結果マスタ,削除,#ffffff,#e53e3e,#fed7d7
HIA総合管理,[緑] OID結果マスタ,編集,#e8f4ec,#15803d,#e8f4ec
HIA総合管理,[緑] OID結果マスタ,削除,#ffffff,#e53e3e,#fed7d7
HIA総合管理,[緑] OID結果マスタ,編集,#e8f4ec,#15803d,#e8f4ec
HIA総合管理,[緑] OID結果マスタ,削除,#ffffff,#e53e3e,#fed7d7
HIA総合管理,[緑] OID結果マスタ,編集,#e8f4ec,#15803d,#e8f4ec
HIA総合管理,[緑] OID結果マスタ,削除,#ffffff,#e53e3e,#fed7d7
HIA総合管理,[緑] OID結果マスタ,編集,#e8f4ec,#15803d,#e8f4ec
HIA総合管理,[緑] OID結果マスタ,削除,#ffffff,#e53e3e,#fed7d7
HIA総合管理,[緑] OID結果マスタ,編集,#e8f4ec,#15803d,#e8f4ec
HIA総合管理,[緑] OID結果マスタ,削除,#ffffff,#e53e3e,#fed7d7
HIA総合管理,[緑] OID結果マスタ,編集,#e8f4ec,#15803d,#e8f4ec
HIA総合管理,[緑] OID結果マスタ,削除,#ffffff,#e53e3e,#fed7d7
HIA総合管理,[緑] OID結果マスタ,編集,#e8f4ec,#15803d,#e8f4ec
HIA総合管理,[緑] OID結果マスタ,削除,#ffffff,#e53e3e,#fed7d7
HIA総合管理,[緑] OID結果マスタ,編集,#e8f4ec,#15803d,#e8f4ec
HIA総合管理,[緑] OID結果マスタ,削除,#ffffff,#e53e3e,#fed7d7
HIA総合管理,[緑] OID結果マスタ,編集,#e8f4ec,#15803d,#e8f4ec
HIA総合管理,[緑] OID結果マスタ,削除,#ffffff,#e53e3e,#fed7d7
HIA総合管理,[緑] OID結果マスタ,編集,#e8f4ec,#15803d,#e8f4ec
HIA総合管理,[緑] OID結果マスタ,削除,#ffffff,#e53e3e,#fed7d7
HIA総合管理,[緑] OID結果マスタ,編集,#e8f4ec,#15803d,#e8f4ec
HIA総合管理,[緑] OID結果マスタ,削除,#ffffff,#e53e3e,#fed7d7
HIA総合管理,[緑] OID結果マスタ,編集,#e8f4ec,#15803d,#e8f4ec
HIA総合管理,[緑] OID結果マスタ,削除,#ffffff,#e53e3e,#fed7d7
HIA総合管理,[緑] OID結果マスタ,編集,#e8f4ec,#15803d,#e8f4ec
HIA総合管理,[緑] OID結果マスタ,削除,#ffffff,#e53e3e,#fed7d7
HIA総合管理,[緑] OID結果マスタ,編集,#e8f4ec,#15803d,#e8f4ec
HIA総合管理,[緑] OID結果マスタ,削除,#ffffff,#e53e3e,#fed7d7
HIA総合管理,[緑] OID結果マスタ,編集,#e8f4ec,#15803d,#e8f4ec
HIA総合管理,[緑] OID結果マスタ,削除,#ffffff,#e53e3e,#fed7d7
HIA総合管理,[緑] OID結果マスタ,編集,#e8f4ec,#15803d,#e8f4ec
HIA総合管理,[緑] OID結果マスタ,削除,#ffffff,#e53e3e,#fed7d7
HIA総合管理,[緑] OID結果マスタ,編集,#e8f4ec,#15803d,#e8f4ec
HIA総合管理,[緑] OID結果マスタ,削除,#ffffff,#e53e3e,#fed7d7
HIA総合管理,[緑] OID結果マスタ,編集,#e8f4ec,#15803d,#e8f4ec
HIA総合管理,[緑] OID結果マスタ,削除,#ffffff,#e53e3e,#fed7d7
HIA総合管理,[緑] OID結果マスタ,編集,#e8f4ec,#15803d,#e8f4ec
HIA総合管理,[緑] OID結果マスタ,削除,#ffffff,#e53e3e,#fed7d7
HIA総合管理,[緑] OID結果マスタ,編集,#e8f4ec,#15803d,#e8f4ec
HIA総合管理,[緑] OID結果マスタ,削除,#ffffff,#e53e3e,#fed7d7
HIA総合管理,[緑] OID結果マスタ,編集,#e8f4ec,#15803d,#e8f4ec
HIA総合管理,[緑] OID結果マスタ,削除,#ffffff,#e53e3e,#fed7d7
HIA総合管理,[緑] OID結果マスタ,編集,#e8f4ec,#15803d,#e8f4ec
HIA総合管理,[緑] OID結果マスタ,削除,#ffffff,#e53e3e,#fed7d7
HIA総合管理,[緑] OID結果マスタ,編集,#e8f4ec,#15803d,#e8f4ec
HIA総合管理,[緑] OID結果マスタ,削除,#ffffff,#e53e3e,#fed7d7
HIA総合管理,[緑] OID結果マスタ,編集,#e8f4ec,#15803d,#e8f4ec
HIA総合管理,[緑] OID結果マスタ,削除,#ffffff,#e53e3e,#fed7d7
HIA総合管理,[緑] OID結果マスタ,編集,#e8f4ec,#15803d,#e8f4ec
HIA総合管理,[緑] OID結果マスタ,削除,#ffffff,#e53e3e,#fed7d7
HIA総合管理,[緑] OID結果マスタ,編集,#e8f4ec,#15803d,#e8f4ec
HIA総合管理,[緑] OID結果マスタ,削除,#ffffff,#e53e3e,#fed7d7
HIA総合管理,[緑] OID結果マスタ,編集,#e8f4ec,#15803d,#e8f4ec
HIA総合管理,[緑] OID結果マスタ,削除,#ffffff,#e53e3e,#fed7d7
HIA総合管理,[緑] OID結果マスタ,編集,#e8f4ec,#15803d,#e8f4ec
HIA総合管理,[緑] OID結果マスタ,削除,#ffffff,#e53e3e,#fed7d7
HIA総合管理,[緑] OID結果マスタ,編集,#e8f4ec,#15803d,#e8f4ec
HIA総合管理,[緑] OID結果マスタ,削除,#ffffff,#e53e3e,#fed7d7
HIA総合管理,[緑] OID結果マスタ,編集,#e8f4ec,#15803d,#e8f4ec
HIA総合管理,[緑] OID結果マスタ,削除,#ffffff,#e53e3e,#fed7d7
HIA総合管理,[緑] OID結果マスタ,編集,#e8f4ec,#15803d,#e8f4ec
HIA総合管理,[緑] OID結果マスタ,削除,#ffffff,#e53e3e,#fed7d7
HIA総合管理,[緑] OID結果マスタ,編集,#e8f4ec,#15803d,#e8f4ec
HIA総合管理,[緑] OID結果マスタ,削除,#ffffff,#e53e3e,#fed7d7
HIA総合管理,[緑] OID結果マスタ,編集,#e8f4ec,#15803d,#e8f4ec
HIA総合管理,[緑] OID結果マスタ,削除,#ffffff,#e53e3e,#fed7d7
HIA総合管理,[緑] OID結果マスタ,編集,#e8f4ec,#15803d,#e8f4ec
HIA総合管理,[緑] OID結果マスタ,削除,#ffffff,#e53e3e,#fed7d7
HIA総合管理,[緑] OID結果マスタ,編集,#e8f4ec,#15803d,#e8f4ec
HIA総合管理,[緑] OID結果マスタ,削除,#ffffff,#e53e3e,#fed7d7
HIA総合管理,[緑] OID結果マスタ,編集,#e8f4ec,#15803d,#e8f4ec
HIA総合管理,[緑] OID結果マスタ,削除,#ffffff,#e53e3e,#fed7d7
HIA総合管理,[緑] OID結果マスタ,編集,#e8f4ec,#15803d,#e8f4ec
HIA総合管理,[緑] OID結果マスタ,削除,#ffffff,#e53e3e,#fed7d7
HIA総合管理,[緑] OID結果マスタ,編集,#e8f4ec,#15803d,#e8f4ec
HIA総合管理,[緑] OID結果マスタ,削除,#ffffff,#e53e3e,#fed7d7
HIA総合管理,[緑] OID結果マスタ,編集,#e8f4ec,#15803d,#e8f4ec
HIA総合管理,[緑] OID結果マスタ,削除,#ffffff,#e53e3e,#fed7d7
HIA総合管理,[緑] OID結果マスタ,編集,#e8f4ec,#15803d,#e8f4ec
HIA総合管理,[緑] OID結果マスタ,削除,#ffffff,#e53e3e,#fed7d7
HIA総合管理,[緑] OID結果マスタ,編集,#e8f4ec,#15803d,#e8f4ec
HIA総合管理,[緑] OID結果マスタ,削除,#ffffff,#e53e3e,#fed7d7
HIA総合管理,[緑] OID結果マスタ,編集,#e8f4ec,#15803d,#e8f4ec
HIA総合管理,[緑] OID結果マスタ,削除,#ffffff,#e53e3e,#fed7d7
HIA総合管理,[緑] OID結果マスタ,編集,#e8f4ec,#15803d,#e8f4ec
HIA総合管理,[緑] OID結果マスタ,削除,#ffffff,#e53e3e,#fed7d7
HIA総合管理,[緑] OID結果マスタ,編集,#e8f4ec,#15803d,#e8f4ec
HIA総合管理,[緑] OID結果マスタ,削除,#ffffff,#e53e3e,#fed7d7
HIA総合管理,[緑] OID結果マスタ,編集,#e8f4ec,#15803d,#e8f4ec
HIA総合管理,[緑] OID結果マスタ,削除,#ffffff,#e53e3e,#fed7d7
HIA総合管理,[緑] OID結果マスタ,編集,#e8f4ec,#15803d,#e8f4ec
HIA総合管理,[緑] OID結果マスタ,削除,#ffffff,#e53e3e,#fed7d7
HIA総合管理,[緑] OID結果マスタ,編集,#e8f4ec,#15803d,#e8f4ec
HIA総合管理,[緑] OID結果マスタ,削除,#ffffff,#e53e3e,#fed7d7
HIA総合管理,[緑] OID結果マスタ,編集,#e8f4ec,#15803d,#e8f4ec
HIA総合管理,[緑] OID結果マスタ,削除,#ffffff,#e53e3e,#fed7d7
HIA総合管理,[緑] OID結果マスタ,編集,#e8f4ec,#15803d,#e8f4ec
HIA総合管理,[緑] OID結果マスタ,削除,#ffffff,#e53e3e,#fed7d7
HIA総合管理,[緑] OID結果マスタ,編集,#e8f4ec,#15803d,#e8f4ec
HIA総合管理,[緑] OID結果マスタ,削除,#ffffff,#e53e3e,#fed7d7
HIA総合管理,[緑] OID結果マスタ,編集,#e8f4ec,#15803d,#e8f4ec
HIA総合管理,[緑] OID結果マスタ,削除,#ffffff,#e53e3e,#fed7d7
HIA総合管理,[緑] OID結果マスタ,編集,#e8f4ec,#15803d,#e8f4ec
HIA総合管理,[緑] OID結果マスタ,削除,#ffffff,#e53e3e,#fed7d7
HIA総合管理,[緑] OID結果マスタ,編集,#e8f4ec,#15803d,#e8f4ec
HIA総合管理,[緑] OID結果マスタ,削除,#ffffff,#e53e3e,#fed7d7
HIA総合管理,[緑] OID結果マスタ,編集,#e8f4ec,#15803d,#e8f4ec
HIA総合管理,[緑] OID結果マスタ,削除,#ffffff,#e53e3e,#fed7d7
HIA総合管理,[緑] OID結果マスタ,編集,#e8f4ec,#15803d,#e8f4ec
HIA総合管理,[緑] OID結果マスタ,削除,#ffffff,#e53e3e,#fed7d7
HIA総合管理,[緑] OID結果マスタ,編集,#e8f4ec,#15803d,#e8f4ec
HIA総合管理,[緑] OID結果マスタ,削除,#ffffff,#e53e3e,#fed7d7
HIA総合管理,[緑] OID結果マスタ,編集,#e8f4ec,#15803d,#e8f4ec
HIA総合管理,[緑] OID結果マスタ,削除,#ffffff,#e53e3e,#fed7d7
HIA総合管理,[緑] OID結果マスタ,編集,#e8f4ec,#15803d,#e8f4ec
HIA総合管理,[緑] OID結果マスタ,削除,#ffffff,#e53e3e,#fed7d7
HIA総合管理,[緑] OID結果マスタ,編集,#e8f4ec,#15803d,#e8f4ec
HIA総合管理,[緑] OID結果マスタ,削除,#ffffff,#e53e3e,#fed7d7
HIA総合管理,[緑] OID結果マスタ,編集,#e8f4ec,#15803d,#e8f4ec
HIA総合管理,[緑] OID結果マスタ,削除,#ffffff,#e53e3e,#fed7d7
HIA総合管理,[緑] 検査マスタ 編集・新規作成,戻る,#ffffff,#666666,#cccccc
HIA総合管理,[緑] 検査マスタ 編集・新規作成,項目追加,#2f4f4f,#ffffff,#2f4f4f
HIA総合管理,[緑] 検査マスタ 編集・新規作成,登録,#2f4f4f,#ffffff,#2f4f4f
HIA総合管理,[緑] 条件・金額 編集,戻る,#ffffff,#666666,#cccccc
HIA総合管理,[緑] 条件・金額 編集,項目追加,#2f4f4f,#ffffff,#2f4f4f
HIA総合管理,[緑] 条件・金額 編集,更新,#2f4f4f,#ffffff,#2f4f4f
HIA総合管理,[緑] 判定マスタ 編集,戻る,#ffffff,#666666,#cccccc
HIA総合管理,[緑] 判定マスタ 編集,項目追加,#2f4f4f,#ffffff,#2f4f4f
HIA総合管理,[緑] 判定マスタ 編集,更新,#2f4f4f,#ffffff,#2f4f4f
HIA総合管理,[緑] インフル補助設定,戻る,#ffffff,#666666,#cccccc
HIA総合管理,[緑] インフル補助設定,補助設定一覧,#ffffff,#2f4f4f,#e8edf2
HIA総合管理,[緑] インフル補助設定,加入者情報アップロード,#ffffff,#888888,#e8edf2
HIA総合管理,[緑] インフル補助設定,医療機関インフル手数料,#ffffff,#888888,#e8edf2
HIA総合管理,[緑] インフル補助設定,新規作成,#2f4f4f,#ffffff,#2f4f4f
HIA総合管理,[緑] インフル補助設定,編集,#e8f4ec,#15803d,#e8f4ec
HIA総合管理,[緑] インフル補助設定,削除,#ffffff,#e53e3e,#fed7d7
HIA総合管理,[緑] インフル補助設定,編集,#e8f4ec,#15803d,#e8f4ec
HIA総合管理,[緑] インフル補助設定,削除,#ffffff,#e53e3e,#fed7d7
HIA総合管理,[緑] インフル補助設定,編集,#e8f4ec,#15803d,#e8f4ec
HIA総合管理,[緑] インフル補助設定,削除,#ffffff,#e53e3e,#fed7d7
HIA総合管理,[緑] インフル補助設定,編集,#e8f4ec,#15803d,#e8f4ec
HIA総合管理,[緑] インフル補助設定,削除,#ffffff,#e53e3e,#fed7d7
HIA総合管理,[緑] インフル補助設定,編集,#e8f4ec,#15803d,#e8f4ec
HIA総合管理,[緑] インフル補助設定,削除,#ffffff,#e53e3e,#fed7d7
HIA総合管理,[緑] インフル補助設定,編集,#e8f4ec,#15803d,#e8f4ec
HIA総合管理,[緑] インフル補助設定,削除,#ffffff,#e53e3e,#fed7d7
HIA総合管理,[緑] インフル補助設定,編集,#e8f4ec,#15803d,#e8f4ec
HIA総合管理,[緑] インフル補助設定,削除,#ffffff,#e53e3e,#fed7d7
HIA総合管理,[緑] メール設定,戻る,#ffffff,#666666,#cccccc
HIA総合管理,[緑] チャットボット管理,戻る,#ffffff,#666666,#cccccc
HIA総合管理,[緑] ナレッジベース管理,戻る,#ffffff,#666666,#cccccc
HIA総合管理,[緑] ナレッジベース管理,検索,#e8f0fb,#2563b0,transparent
HIA総合管理,[緑] ナレッジベース管理,ドキュメント一覧,#00a99d,#ffffff,transparent
HIA総合管理,[緑] ナレッジベース管理,ドキュメント一覧,#00a99d,#ffffff,transparent
HIA総合管理,[緑] ナレッジベース管理,< 前へ,#ffffff,#666666,#cccccc
HIA総合管理,[緑] ナレッジベース管理,1,#2f4f4f,#ffffff,#2f4f4f
HIA総合管理,[緑] ナレッジベース管理,次へ >,#ffffff,#666666,#cccccc
HIA総合管理,[緑] アカウント管理,戻る,#ffffff,#666666,#cccccc
HIA総合管理,[緑] 機能制御,戻る,#ffffff,#666666,#cccccc
HIA総合管理,[緑] マイアカウント,戻る,#ffffff,#666666,#cccccc
HIA総合管理,[緑] 操作ログ管理,戻る,#ffffff,#666666,#cccccc
HIA総合管理,[緑] 企業情報,戻る,#ffffff,#666666,#cccccc
HIA総合管理,[緑] 事業所情報,戻る,#ffffff,#666666,#cccccc
HIA総合管理,[緑] 部署情報,戻る,#ffffff,#666666,#cccccc
HIA総合管理,[緑] 加入者情報,戻る,#ffffff,#666666,#cccccc
HIA総合管理,[緑] 判定グループ,戻る,#ffffff,#666666,#cccccc
HIA総合管理,[緑] 企業情報 一覧,一括インポート,#ffffff,#4a5568,#e2e8f0
HIA総合管理,[緑] 企業情報 一覧,企業を登録する,#15803d,#ffffff,#15803d
HIA総合管理,[緑] 企業情報 一覧,編集,#e8f4ec,#15803d,#e8f4ec
HIA総合管理,[緑] 企業情報 一覧,削除,#ffffff,#e53e3e,#fed7d7
HIA総合管理,[緑] 企業情報 一覧,編集,#e8f4ec,#15803d,#e8f4ec
HIA総合管理,[緑] 企業情報 一覧,削除,#ffffff,#e53e3e,#fed7d7
HIA総合管理,[緑] 企業情報 一覧,編集,#e8f4ec,#15803d,#e8f4ec
HIA総合管理,[緑] 企業情報 一覧,削除,#ffffff,#e53e3e,#fed7d7
HIA総合管理,[緑] 企業情報 一覧,編集,#e8f4ec,#15803d,#e8f4ec
HIA総合管理,[緑] 企業情報 一覧,削除,#ffffff,#e53e3e,#fed7d7
HIA総合管理,[緑] 企業情報 一覧,編集,#e8f4ec,#15803d,#e8f4ec
HIA総合管理,[緑] 企業情報 一覧,削除,#ffffff,#e53e3e,#fed7d7
HIA総合管理,[緑] 企業の登録,キャンセル,#ffffff,#666666,#cccccc
HIA総合管理,[緑] 企業の登録,登録,#2f4f4f,#ffffff,#2f4f4f
HIA総合管理,[緑] 事業所情報 一覧,一括インポート,#ffffff,#4a5568,#e2e8f0
HIA総合管理,[緑] 事業所情報 一覧,事業所を登録する,#15803d,#ffffff,#15803d
HIA総合管理,[緑] 事業所情報 一覧,編集,#e8f4ec,#15803d,#e8f4ec
HIA総合管理,[緑] 事業所情報 一覧,削除,#ffffff,#e53e3e,#fed7d7
HIA総合管理,[緑] 事業所情報 一覧,編集,#e8f4ec,#15803d,#e8f4ec
HIA総合管理,[緑] 事業所情報 一覧,削除,#ffffff,#e53e3e,#fed7d7
HIA総合管理,[緑] 事業所情報 一覧,編集,#e8f4ec,#15803d,#e8f4ec
HIA総合管理,[緑] 事業所情報 一覧,削除,#ffffff,#e53e3e,#fed7d7
HIA総合管理,[緑] 事業所情報 一覧,編集,#e8f4ec,#15803d,#e8f4ec
HIA総合管理,[緑] 事業所情報 一覧,削除,#ffffff,#e53e3e,#fed7d7
HIA総合管理,[緑] 事業所情報 一覧,編集,#e8f4ec,#15803d,#e8f4ec
HIA総合管理,[緑] 事業所情報 一覧,削除,#ffffff,#e53e3e,#fed7d7
HIA総合管理,[緑] 事業所情報 一覧,編集,#e8f4ec,#15803d,#e8f4ec
HIA総合管理,[緑] 事業所情報 一覧,削除,#ffffff,#e53e3e,#fed7d7
HIA総合管理,[緑] 事業所情報 一覧,編集,#e8f4ec,#15803d,#e8f4ec
HIA総合管理,[緑] 事業所情報 一覧,削除,#ffffff,#e53e3e,#fed7d7
HIA総合管理,[緑] 事業所情報 一覧,編集,#e8f4ec,#15803d,#e8f4ec
HIA総合管理,[緑] 事業所情報 一覧,削除,#ffffff,#e53e3e,#fed7d7
HIA総合管理,[緑] 事業所情報 一覧,編集,#e8f4ec,#15803d,#e8f4ec
HIA総合管理,[緑] 事業所情報 一覧,削除,#ffffff,#e53e3e,#fed7d7
HIA総合管理,[緑] 事業所情報 一覧,編集,#e8f4ec,#15803d,#e8f4ec
HIA総合管理,[緑] 事業所情報 一覧,削除,#ffffff,#e53e3e,#fed7d7
HIA総合管理,[緑] 事業所情報 一覧,編集,#e8f4ec,#15803d,#e8f4ec
HIA総合管理,[緑] 事業所情報 一覧,削除,#ffffff,#e53e3e,#fed7d7
HIA総合管理,[緑] 事業所情報 一覧,編集,#e8f4ec,#15803d,#e8f4ec
HIA総合管理,[緑] 事業所情報 一覧,削除,#ffffff,#e53e3e,#fed7d7
HIA総合管理,[緑] 事業所情報 一覧,編集,#e8f4ec,#15803d,#e8f4ec
HIA総合管理,[緑] 事業所情報 一覧,削除,#ffffff,#e53e3e,#fed7d7
HIA総合管理,[緑] 事業所の登録,キャンセル,#ffffff,#666666,#cccccc
HIA総合管理,[緑] 事業所の登録,登録,#2f4f4f,#ffffff,#2f4f4f
HIA総合管理,[緑] 部署情報 一覧,一括インポート,#ffffff,#4a5568,#e2e8f0
HIA総合管理,[緑] 部署情報 一覧,部署を登録する,#15803d,#ffffff,#15803d
HIA総合管理,[緑] 部署情報 一覧,編集,#e8f4ec,#15803d,#e8f4ec
HIA総合管理,[緑] 部署情報 一覧,削除,#ffffff,#e53e3e,#fed7d7
HIA総合管理,[緑] 部署情報 一覧,編集,#e8f4ec,#15803d,#e8f4ec
HIA総合管理,[緑] 部署情報 一覧,削除,#ffffff,#e53e3e,#fed7d7
HIA総合管理,[緑] 部署情報 一覧,編集,#e8f4ec,#15803d,#e8f4ec
HIA総合管理,[緑] 部署情報 一覧,削除,#ffffff,#e53e3e,#fed7d7
HIA総合管理,[緑] 部署情報 一覧,編集,#e8f4ec,#15803d,#e8f4ec
HIA総合管理,[緑] 部署情報 一覧,削除,#ffffff,#e53e3e,#fed7d7
HIA総合管理,[緑] 部署情報 一覧,編集,#e8f4ec,#15803d,#e8f4ec
HIA総合管理,[緑] 部署情報 一覧,削除,#ffffff,#e53e3e,#fed7d7
HIA総合管理,[緑] 部署情報 一覧,編集,#e8f4ec,#15803d,#e8f4ec
HIA総合管理,[緑] 部署情報 一覧,削除,#ffffff,#e53e3e,#fed7d7
HIA総合管理,[緑] 部署情報 一覧,編集,#e8f4ec,#15803d,#e8f4ec
HIA総合管理,[緑] 部署情報 一覧,削除,#ffffff,#e53e3e,#fed7d7
HIA総合管理,[緑] 部署情報 一覧,編集,#e8f4ec,#15803d,#e8f4ec
HIA総合管理,[緑] 部署情報 一覧,削除,#ffffff,#e53e3e,#fed7d7
HIA総合管理,[緑] 部署情報 一覧,編集,#e8f4ec,#15803d,#e8f4ec
HIA総合管理,[緑] 部署情報 一覧,削除,#ffffff,#e53e3e,#fed7d7
HIA総合管理,[緑] 部署情報 一覧,編集,#e8f4ec,#15803d,#e8f4ec
HIA総合管理,[緑] 部署情報 一覧,削除,#ffffff,#e53e3e,#fed7d7
HIA総合管理,[緑] 部署情報 一覧,編集,#e8f4ec,#15803d,#e8f4ec
HIA総合管理,[緑] 部署情報 一覧,削除,#ffffff,#e53e3e,#fed7d7
HIA総合管理,[緑] 部署情報 一覧,編集,#e8f4ec,#15803d,#e8f4ec
HIA総合管理,[緑] 部署情報 一覧,削除,#ffffff,#e53e3e,#fed7d7
HIA総合管理,[緑] 部署情報 一覧,編集,#e8f4ec,#15803d,#e8f4ec
HIA総合管理,[緑] 部署情報 一覧,削除,#ffffff,#e53e3e,#fed7d7
HIA総合管理,[緑] 部署情報 一覧,編集,#e8f4ec,#15803d,#e8f4ec
HIA総合管理,[緑] 部署情報 一覧,削除,#ffffff,#e53e3e,#fed7d7
HIA総合管理,[緑] 部署情報 一覧,編集,#e8f4ec,#15803d,#e8f4ec
HIA総合管理,[緑] 部署情報 一覧,削除,#ffffff,#e53e3e,#fed7d7
HIA総合管理,[緑] 部署情報 一覧,編集,#e8f4ec,#15803d,#e8f4ec
HIA総合管理,[緑] 部署情報 一覧,削除,#ffffff,#e53e3e,#fed7d7
HIA総合管理,[緑] 部署情報 一覧,編集,#e8f4ec,#15803d,#e8f4ec
HIA総合管理,[緑] 部署情報 一覧,削除,#ffffff,#e53e3e,#fed7d7
HIA総合管理,[緑] 加入者情報 一覧,選択した 0 件を紐づける,#15803d,#ffffff,#15803d
HIA総合管理,[緑] 加入者情報 一覧,検索結果すべて（52件）を紐づける,#ffffff,#4a5568,#e2e8f0
HIA総合管理,[緑] 加入者情報 一覧,紐づけページ,#ffffff,#4a5568,#e2e8f0
HIA総合管理,[緑] 加入者情報 一覧,一括インポート,#ffffff,#4a5568,#e2e8f0
HIA総合管理,[緑] 加入者情報 一覧,CSVで出力,#ffffff,#4a5568,#e2e8f0
HIA総合管理,[緑] 加入者情報 一覧,加入者情報を登録する,#15803d,#ffffff,#15803d
HIA総合管理,[緑] 加入者情報 一覧,編集,#e8f4ec,#15803d,#e8f4ec
HIA総合管理,[緑] 加入者情報 一覧,削除,#ffffff,#e53e3e,#fed7d7
HIA総合管理,[緑] 加入者情報 一覧,編集,#e8f4ec,#15803d,#e8f4ec
HIA総合管理,[緑] 加入者情報 一覧,削除,#ffffff,#e53e3e,#fed7d7
HIA総合管理,[緑] 加入者情報 一覧,編集,#e8f4ec,#15803d,#e8f4ec
HIA総合管理,[緑] 加入者情報 一覧,削除,#ffffff,#e53e3e,#fed7d7
HIA総合管理,[緑] 加入者情報 一覧,編集,#e8f4ec,#15803d,#e8f4ec
HIA総合管理,[緑] 加入者情報 一覧,削除,#ffffff,#e53e3e,#fed7d7
HIA総合管理,[緑] 加入者情報 一覧,編集,#e8f4ec,#15803d,#e8f4ec
HIA総合管理,[緑] 加入者情報 一覧,削除,#ffffff,#e53e3e,#fed7d7
HIA総合管理,[緑] 加入者情報 一覧,編集,#e8f4ec,#15803d,#e8f4ec
HIA総合管理,[緑] 加入者情報 一覧,削除,#ffffff,#e53e3e,#fed7d7
HIA総合管理,[緑] 加入者情報 一覧,編集,#e8f4ec,#15803d,#e8f4ec
HIA総合管理,[緑] 加入者情報 一覧,削除,#ffffff,#e53e3e,#fed7d7
HIA総合管理,[緑] 加入者情報 一覧,編集,#e8f4ec,#15803d,#e8f4ec
HIA総合管理,[緑] 加入者情報 一覧,削除,#ffffff,#e53e3e,#fed7d7
HIA総合管理,[緑] 加入者情報 一覧,編集,#e8f4ec,#15803d,#e8f4ec
HIA総合管理,[緑] 加入者情報 一覧,削除,#ffffff,#e53e3e,#fed7d7
HIA総合管理,[緑] 加入者情報 一覧,編集,#e8f4ec,#15803d,#e8f4ec
HIA総合管理,[緑] 加入者情報 一覧,削除,#ffffff,#e53e3e,#fed7d7
HIA総合管理,[緑] 加入者情報 一覧,編集,#e8f4ec,#15803d,#e8f4ec
HIA総合管理,[緑] 加入者情報 一覧,削除,#ffffff,#e53e3e,#fed7d7
HIA総合管理,[緑] 加入者情報 一覧,編集,#e8f4ec,#15803d,#e8f4ec
HIA総合管理,[緑] 加入者情報 一覧,削除,#ffffff,#e53e3e,#fed7d7
HIA総合管理,[緑] 加入者情報 一覧,編集,#e8f4ec,#15803d,#e8f4ec
HIA総合管理,[緑] 加入者情報 一覧,削除,#ffffff,#e53e3e,#fed7d7
HIA総合管理,[緑] 加入者情報 一覧,編集,#e8f4ec,#15803d,#e8f4ec
HIA総合管理,[緑] 加入者情報 一覧,削除,#ffffff,#e53e3e,#fed7d7
HIA総合管理,[緑] 加入者情報 一覧,編集,#e8f4ec,#15803d,#e8f4ec
HIA総合管理,[緑] 加入者情報 一覧,削除,#ffffff,#e53e3e,#fed7d7
HIA総合管理,[緑] 加入者情報 一覧,編集,#e8f4ec,#15803d,#e8f4ec
HIA総合管理,[緑] 加入者情報 一覧,削除,#ffffff,#e53e3e,#fed7d7
HIA総合管理,[緑] 加入者情報 一覧,編集,#e8f4ec,#15803d,#e8f4ec
HIA総合管理,[緑] 加入者情報 一覧,削除,#ffffff,#e53e3e,#fed7d7
HIA総合管理,[緑] 加入者情報 一覧,編集,#e8f4ec,#15803d,#e8f4ec
HIA総合管理,[緑] 加入者情報 一覧,削除,#ffffff,#e53e3e,#fed7d7
HIA総合管理,[緑] 加入者情報 一覧,編集,#e8f4ec,#15803d,#e8f4ec
HIA総合管理,[緑] 加入者情報 一覧,削除,#ffffff,#e53e3e,#fed7d7
HIA総合管理,[緑] 加入者情報 一覧,編集,#e8f4ec,#15803d,#e8f4ec
HIA総合管理,[緑] 加入者情報 一覧,削除,#ffffff,#e53e3e,#fed7d7
HIA総合管理,[緑] 加入者情報 一覧,編集,#e8f4ec,#15803d,#e8f4ec
HIA総合管理,[緑] 加入者情報 一覧,削除,#ffffff,#e53e3e,#fed7d7
HIA総合管理,[緑] 加入者情報 一覧,編集,#e8f4ec,#15803d,#e8f4ec
HIA総合管理,[緑] 加入者情報 一覧,削除,#ffffff,#e53e3e,#fed7d7
HIA総合管理,[緑] 加入者情報 一覧,編集,#e8f4ec,#15803d,#e8f4ec
HIA総合管理,[緑] 加入者情報 一覧,削除,#ffffff,#e53e3e,#fed7d7
HIA総合管理,[緑] 加入者情報 一覧,編集,#e8f4ec,#15803d,#e8f4ec
HIA総合管理,[緑] 加入者情報 一覧,削除,#ffffff,#e53e3e,#fed7d7
HIA総合管理,[緑] 加入者情報 一覧,編集,#e8f4ec,#15803d,#e8f4ec
HIA総合管理,[緑] 加入者情報 一覧,削除,#ffffff,#e53e3e,#fed7d7
HIA総合管理,[緑] 加入者情報 一覧,編集,#e8f4ec,#15803d,#e8f4ec
HIA総合管理,[緑] 加入者情報 一覧,削除,#ffffff,#e53e3e,#fed7d7
HIA総合管理,[緑] 加入者情報 一覧,編集,#e8f4ec,#15803d,#e8f4ec
HIA総合管理,[緑] 加入者情報 一覧,削除,#ffffff,#e53e3e,#fed7d7
HIA総合管理,[緑] 加入者情報 一覧,編集,#e8f4ec,#15803d,#e8f4ec
HIA総合管理,[緑] 加入者情報 一覧,削除,#ffffff,#e53e3e,#fed7d7
HIA総合管理,[緑] 加入者情報 一覧,編集,#e8f4ec,#15803d,#e8f4ec
HIA総合管理,[緑] 加入者情報 一覧,削除,#ffffff,#e53e3e,#fed7d7
HIA総合管理,[緑] 加入者情報 一覧,編集,#e8f4ec,#15803d,#e8f4ec
HIA総合管理,[緑] 加入者情報 一覧,削除,#ffffff,#e53e3e,#fed7d7
HIA総合管理,[緑] 加入者の登録,キャンセル,#ffffff,#666666,#cccccc
HIA総合管理,[緑] 加入者の登録,登録,#2f4f4f,#ffffff,#2f4f4f
HIA総合管理,[緑] 加入者情報の編集,キャンセル,#ffffff,#666666,#cccccc
HIA総合管理,[緑] 加入者情報の編集,更新,#2f4f4f,#ffffff,#2f4f4f
HIA総合管理,[緑] アカウント一覧,アカウント登録,#15803d,#ffffff,#15803d
HIA総合管理,[緑] アカウント一覧,編集,#e8f4ec,#15803d,#e8f4ec
HIA総合管理,[緑] アカウント一覧,削除,#ffffff,#e53e3e,#fed7d7
HIA総合管理,[緑] アカウント一覧,編集,#e8f4ec,#15803d,#e8f4ec
HIA総合管理,[緑] アカウント一覧,削除,#ffffff,#e53e3e,#fed7d7
HIA総合管理,[緑] アカウント一覧,編集,#e8f4ec,#15803d,#e8f4ec
HIA総合管理,[緑] アカウント一覧,削除,#ffffff,#e53e3e,#fed7d7
HIA総合管理,[緑] アカウント一覧,編集,#e8f4ec,#15803d,#e8f4ec
HIA総合管理,[緑] アカウント一覧,削除,#ffffff,#e53e3e,#fed7d7
HIA総合管理,[緑] アカウント一覧,編集,#e8f4ec,#15803d,#e8f4ec
HIA総合管理,[緑] アカウント一覧,削除,#ffffff,#e53e3e,#fed7d7
HIA総合管理,[緑] アカウント一覧,編集,#e8f4ec,#15803d,#e8f4ec
HIA総合管理,[緑] アカウント一覧,削除,#ffffff,#e53e3e,#fed7d7
HIA総合管理,[緑] アカウント一覧,編集,#e8f4ec,#15803d,#e8f4ec
HIA総合管理,[緑] アカウント一覧,削除,#ffffff,#e53e3e,#fed7d7
HIA総合管理,[緑] アカウント一覧,編集,#e8f4ec,#15803d,#e8f4ec
HIA総合管理,[緑] アカウント一覧,削除,#ffffff,#e53e3e,#fed7d7
HIA総合管理,[緑] アカウント一覧,編集,#e8f4ec,#15803d,#e8f4ec
HIA総合管理,[緑] アカウント一覧,削除,#ffffff,#e53e3e,#fed7d7
HIA総合管理,[緑] アカウント一覧,編集,#e8f4ec,#15803d,#e8f4ec
HIA総合管理,[緑] アカウント一覧,削除,#ffffff,#e53e3e,#fed7d7
HIA総合管理,[緑] アカウント一覧,編集,#e8f4ec,#15803d,#e8f4ec
HIA総合管理,[緑] アカウント一覧,削除,#ffffff,#e53e3e,#fed7d7
HIA総合管理,[緑] アカウント一覧,編集,#e8f4ec,#15803d,#e8f4ec
HIA総合管理,[緑] アカウント一覧,削除,#ffffff,#e53e3e,#fed7d7
HIA総合管理,[緑] アカウント一覧,編集,#e8f4ec,#15803d,#e8f4ec
HIA総合管理,[緑] アカウント一覧,削除,#ffffff,#e53e3e,#fed7d7
HIA総合管理,[緑] アカウント一覧,編集,#e8f4ec,#15803d,#e8f4ec
HIA総合管理,[緑] アカウント一覧,削除,#ffffff,#e53e3e,#fed7d7
HIA総合管理,[緑] アカウント一覧,編集,#e8f4ec,#15803d,#e8f4ec
HIA総合管理,[緑] アカウント一覧,削除,#ffffff,#e53e3e,#fed7d7
HIA総合管理,[緑] アカウント一覧,編集,#e8f4ec,#15803d,#e8f4ec
HIA総合管理,[緑] アカウント一覧,削除,#ffffff,#e53e3e,#fed7d7
HIA総合管理,[緑] アカウント一覧,編集,#e8f4ec,#15803d,#e8f4ec
HIA総合管理,[緑] アカウント一覧,削除,#ffffff,#e53e3e,#fed7d7
HIA総合管理,[緑] アカウント一覧,自分の情報を編集,#15803d,#ffffff,#15803d
HIA総合管理,[緑] アカウント一覧,編集,#e8f4ec,#15803d,#e8f4ec
HIA総合管理,[緑] アカウント一覧,削除,#ffffff,#e53e3e,#fed7d7
HIA総合管理,[緑] アカウント一覧,編集,#e8f4ec,#15803d,#e8f4ec
HIA総合管理,[緑] アカウント一覧,削除,#ffffff,#e53e3e,#fed7d7
HIA総合管理,[緑] アカウントの登録,キャンセル,#ffffff,#666666,#cccccc
HIA総合管理,[緑] アカウントの登録,確認画面へ進む,#2f4f4f,#ffffff,transparent
HIA総合管理,[緑] 健康保険組合 一覧,健康保険組合を登録する,#15803d,#ffffff,#15803d
HIA総合管理,[緑] 健康保険組合 一覧,編集,#e8f4ec,#15803d,#e8f4ec
HIA総合管理,[緑] 健康保険組合 一覧,削除,#ffffff,#e53e3e,#fed7d7
HIA総合管理,[緑] 健康保険組合 一覧,編集,#e8f4ec,#15803d,#e8f4ec
HIA総合管理,[緑] 健康保険組合 一覧,削除,#ffffff,#e53e3e,#fed7d7
HIA総合管理,[緑] 疾患予測 一覧,予測を実行する,#15803d,#ffffff,#15803d
HIA総合管理,[緑] 疾患予測 一覧,絞り込む,#15803d,#ffffff,#15803d
HIA総合管理,[緑] 疾患予測 一覧,条件をクリア,#ffffff,#4a5568,#e2e8f0
HIA総合管理,[緑] 疾患予測 一覧,CSVで出力,#ffffff,#4a5568,#e2e8f0
HIA総合管理,[緑] 疾患予測 一覧,詳細表示,#15803d,#ffffff,#15803d
HIA総合管理,[緑] 疾患予測 一覧,詳細表示,#15803d,#ffffff,#15803d
HIA総合管理,[緑] 疾患予測 一覧,詳細表示,#15803d,#ffffff,#15803d
HIA総合管理,[緑] 疾患予測 一覧,詳細表示,#15803d,#ffffff,#15803d
HIA総合管理,[緑] 疾患予測 一覧,詳細表示,#15803d,#ffffff,#15803d
HIA総合管理,[緑] 疾患予測 一覧,詳細表示,#15803d,#ffffff,#15803d
HIA総合管理,[緑] 疾患予測 一覧,詳細表示,#15803d,#ffffff,#15803d
HIA総合管理,[緑] 操作ログ,この条件でCSV出力,#ffffff,#4a5568,#e2e8f0
HIA総合管理,[緑] 操作ログ,すべてCSV出力,#15803d,#ffffff,#15803d
HIA総合管理,[緑] マイアカウント（画面）,アカウント管理へ,#ffffff,#4a5568,#e2e8f0
HIA総合管理,[緑] マイアカウント（画面）,更新,#2f4f4f,#ffffff,#2f4f4f
HIA総合管理,[緑] マイアカウント（画面）,パスワードを変更する,#15803d,#ffffff,#15803d
HIA総合管理,[緑] 機能制御の設定,すべて利用可,#ffffff,#41525f,#cfd8e0
HIA総合管理,[緑] 機能制御の設定,すべて利用不可,#ffffff,#41525f,#cfd8e0
HIA総合管理,[緑] 機能制御の設定,変更を取り消す,#ffffff,#41525f,#cfd8e0
HIA総合管理,[緑] 機能制御の設定,列を反転,#ffffff,#5a6a78,#d7dee5
HIA総合管理,[緑] 機能制御の設定,列を反転,#ffffff,#5a6a78,#d7dee5
HIA総合管理,[緑] 機能制御の設定,列を反転,#ffffff,#5a6a78,#d7dee5
HIA総合管理,[緑] 機能制御の設定,列を反転,#ffffff,#5a6a78,#d7dee5
HIA総合管理,[緑] 機能制御の設定,列を反転,#ffffff,#5a6a78,#d7dee5
HIA総合管理,[緑] 機能制御の設定,列を反転,#ffffff,#5a6a78,#d7dee5
HIA総合管理,[緑] 機能制御の設定,初期値に戻す,#ffffff,#e53e3e,#fed7d7
HIA総合管理,[緑] 機能制御の設定,更新,#cfd8d8,#eef2f2,#cfd8d8
HIA総合管理,[緑] 面談対象者一覧,選択メンバーを一括処理,#15803d,#ffffff,#15803d
HIA総合管理,[緑] 面談対象者一覧,詳細表示,#15803d,#ffffff,#15803d
HIA総合管理,[緑] 面談対象者一覧,面談結果入力,#ffffff,#4a5568,#e2e8f0
HIA総合管理,[緑] 面談対象者一覧,詳細表示,#15803d,#ffffff,#15803d
HIA総合管理,[緑] 面談対象者一覧,面談結果入力,#ffffff,#4a5568,#e2e8f0
HIA総合管理,[緑] 面談対象者一覧,詳細表示,#15803d,#ffffff,#15803d
HIA総合管理,[緑] 面談対象者一覧,面談結果入力,#ffffff,#4a5568,#e2e8f0
HIA総合管理,[緑] 面談対象者一覧,詳細表示,#15803d,#ffffff,#15803d
HIA総合管理,[緑] 面談対象者一覧,面談結果入力,#ffffff,#4a5568,#e2e8f0
HIA総合管理,[緑] 面談対象者一覧,詳細表示,#15803d,#ffffff,#15803d
HIA総合管理,[緑] 面談対象者一覧,面談結果入力,#ffffff,#4a5568,#e2e8f0
HIA総合管理,[緑] 面談対象者一覧,詳細表示,#15803d,#ffffff,#15803d
HIA総合管理,[緑] 面談対象者一覧,面談結果入力,#ffffff,#4a5568,#e2e8f0
HIA総合管理,[緑] 面談対象者一覧,詳細表示,#15803d,#ffffff,#15803d
HIA総合管理,[緑] 面談対象者一覧,面談結果入力,#ffffff,#4a5568,#e2e8f0
HIA総合管理,[緑] 面談対象者一覧,詳細表示,#15803d,#ffffff,#15803d
HIA総合管理,[緑] 面談対象者一覧,面談結果入力,#ffffff,#4a5568,#e2e8f0
HIA総合管理,[緑] 面談対象者一覧,詳細表示,#15803d,#ffffff,#15803d
HIA総合管理,[緑] 面談対象者一覧,面談結果入力,#ffffff,#4a5568,#e2e8f0
HIA総合管理,[緑] 面談対象者一覧,詳細表示,#15803d,#ffffff,#15803d
HIA総合管理,[緑] 面談対象者一覧,面談結果入力,#ffffff,#4a5568,#e2e8f0
HIA総合管理,[緑] 面談対象者一覧,詳細表示,#15803d,#ffffff,#15803d
HIA総合管理,[緑] 面談対象者一覧,面談結果入力,#ffffff,#4a5568,#e2e8f0
HIA総合管理,[緑] 面談対象者一覧,詳細表示,#15803d,#ffffff,#15803d
HIA総合管理,[緑] 面談対象者一覧,面談結果入力,#ffffff,#4a5568,#e2e8f0
HIA総合管理,[緑] 面談対象者一覧,詳細表示,#15803d,#ffffff,#15803d
HIA総合管理,[緑] 面談対象者一覧,面談結果入力,#ffffff,#4a5568,#e2e8f0
HIA総合管理,[緑] 面談対象者一覧,詳細表示,#15803d,#ffffff,#15803d
HIA総合管理,[緑] 面談対象者一覧,面談結果入力,#ffffff,#4a5568,#e2e8f0
HIA総合管理,[緑] 面談対象者一覧,詳細表示,#15803d,#ffffff,#15803d
HIA総合管理,[緑] 面談対象者一覧,面談結果入力,#ffffff,#4a5568,#e2e8f0
HIA総合管理,[緑] 面談対象者一覧,詳細表示,#15803d,#ffffff,#15803d
HIA総合管理,[緑] 面談対象者一覧,面談結果入力,#ffffff,#4a5568,#e2e8f0
HIA総合管理,[緑] 面談対象者一覧,詳細表示,#15803d,#ffffff,#15803d
HIA総合管理,[緑] 面談対象者一覧,面談結果入力,#ffffff,#4a5568,#e2e8f0
HIA総合管理,[緑] 面談対象者一覧,詳細表示,#15803d,#ffffff,#15803d
HIA総合管理,[緑] 面談対象者一覧,面談結果入力,#ffffff,#4a5568,#e2e8f0
HIA総合管理,[緑] 面談対象者一覧,詳細表示,#15803d,#ffffff,#15803d
HIA総合管理,[緑] 面談対象者一覧,面談結果入力,#ffffff,#4a5568,#e2e8f0
HIA総合管理,[緑] 面談対象者一覧,詳細表示,#15803d,#ffffff,#15803d
HIA総合管理,[緑] 面談対象者一覧,面談結果入力,#ffffff,#4a5568,#e2e8f0
HIA総合管理,[緑] 面談対象者一覧,詳細表示,#15803d,#ffffff,#15803d
HIA総合管理,[緑] 面談対象者一覧,面談結果入力,#ffffff,#4a5568,#e2e8f0
HIA総合管理,[緑] 面談対象者一覧,詳細表示,#15803d,#ffffff,#15803d
HIA総合管理,[緑] 面談対象者一覧,面談結果入力,#ffffff,#4a5568,#e2e8f0
HIA総合管理,[緑] 面談対象者一覧,詳細表示,#15803d,#ffffff,#15803d
HIA総合管理,[緑] 面談対象者一覧,面談結果入力,#ffffff,#4a5568,#e2e8f0
HIA総合管理,[緑] 面談対象者一覧,詳細表示,#15803d,#ffffff,#15803d
HIA総合管理,[緑] 面談対象者一覧,面談結果入力,#ffffff,#4a5568,#e2e8f0
HIA総合管理,[緑] 面談対象者一覧,詳細表示,#15803d,#ffffff,#15803d
HIA総合管理,[緑] 面談対象者一覧,面談結果入力,#ffffff,#4a5568,#e2e8f0
HIA総合管理,[緑] 面談対象者一覧,詳細表示,#15803d,#ffffff,#15803d
HIA総合管理,[緑] 面談対象者一覧,面談結果入力,#ffffff,#4a5568,#e2e8f0
HIA総合管理,[緑] 面談対象者一覧,詳細表示,#15803d,#ffffff,#15803d
HIA総合管理,[緑] 面談対象者一覧,面談結果入力,#ffffff,#4a5568,#e2e8f0
HIA総合管理,[緑] 面談対象者一覧,詳細表示,#15803d,#ffffff,#15803d
HIA総合管理,[緑] 面談対象者一覧,面談結果入力,#ffffff,#4a5568,#e2e8f0
HIA総合管理,[緑] 面談対象者一覧,詳細表示,#15803d,#ffffff,#15803d
HIA総合管理,[緑] 面談対象者一覧,面談結果入力,#ffffff,#4a5568,#e2e8f0
HIA総合管理,[緑] 面談対象者一覧,詳細表示,#15803d,#ffffff,#15803d
HIA総合管理,[緑] 面談対象者一覧,面談結果入力,#ffffff,#4a5568,#e2e8f0
HIA総合管理,[緑] 面談対象者一覧,詳細表示,#15803d,#ffffff,#15803d
HIA総合管理,[緑] 面談対象者一覧,面談結果入力,#ffffff,#4a5568,#e2e8f0
HIA総合管理,[緑] 面談対象者一覧,詳細表示,#15803d,#ffffff,#15803d
HIA総合管理,[緑] 面談対象者一覧,面談結果入力,#ffffff,#4a5568,#e2e8f0
HIA総合管理,[緑] 面談対象者一覧,詳細表示,#15803d,#ffffff,#15803d
HIA総合管理,[緑] 面談対象者一覧,面談結果入力,#ffffff,#4a5568,#e2e8f0
HIA総合管理,[緑] 面談対象者一覧,詳細表示,#15803d,#ffffff,#15803d
HIA総合管理,[緑] 面談対象者一覧,面談結果入力,#ffffff,#4a5568,#e2e8f0
HIA総合管理,[緑] 面談対象者一覧,詳細表示,#15803d,#ffffff,#15803d
HIA総合管理,[緑] 面談対象者一覧,面談結果入力,#ffffff,#4a5568,#e2e8f0
HIA総合管理,[緑] 面談対象者一覧,詳細表示,#15803d,#ffffff,#15803d
HIA総合管理,[緑] 面談対象者一覧,面談結果入力,#ffffff,#4a5568,#e2e8f0
HIA総合管理,[緑] 面談対象者一覧,詳細表示,#15803d,#ffffff,#15803d
HIA総合管理,[緑] 面談対象者一覧,面談結果入力,#ffffff,#4a5568,#e2e8f0
HIA総合管理,[緑] 面談対象者一覧,詳細表示,#15803d,#ffffff,#15803d
HIA総合管理,[緑] 面談対象者一覧,面談結果入力,#ffffff,#4a5568,#e2e8f0
HIA総合管理,[緑] 面談対象者一覧,詳細表示,#15803d,#ffffff,#15803d
HIA総合管理,[緑] 面談対象者一覧,面談結果入力,#ffffff,#4a5568,#e2e8f0
HIA総合管理,[緑] 面談対象者一覧,詳細表示,#15803d,#ffffff,#15803d
HIA総合管理,[緑] 面談対象者一覧,面談結果入力,#ffffff,#4a5568,#e2e8f0
HIA総合管理,[緑] 面談対象者一覧,詳細表示,#15803d,#ffffff,#15803d
HIA総合管理,[緑] 面談対象者一覧,面談結果入力,#ffffff,#4a5568,#e2e8f0
HIA総合管理,[緑] 面談対象者一覧,詳細表示,#15803d,#ffffff,#15803d
HIA総合管理,[緑] 面談対象者一覧,面談結果入力,#ffffff,#4a5568,#e2e8f0
HIA総合管理,[緑] 面談対象者一覧,詳細表示,#15803d,#ffffff,#15803d
HIA総合管理,[緑] 面談対象者一覧,面談結果入力,#ffffff,#4a5568,#e2e8f0
HIA総合管理,[緑] 面談対象者一覧,詳細表示,#15803d,#ffffff,#15803d
HIA総合管理,[緑] 面談対象者一覧,面談結果入力,#ffffff,#4a5568,#e2e8f0
HIA総合管理,[緑] 面談対象者一覧,詳細表示,#15803d,#ffffff,#15803d
HIA総合管理,[緑] 面談対象者一覧,面談結果入力,#ffffff,#4a5568,#e2e8f0
HIA総合管理,[緑] 面談対象者一覧,詳細表示,#15803d,#ffffff,#15803d
HIA総合管理,[緑] 面談対象者一覧,面談結果入力,#ffffff,#4a5568,#e2e8f0
HIA総合管理,[緑] 面談対象者一覧,詳細表示,#15803d,#ffffff,#15803d
HIA総合管理,[緑] 面談対象者一覧,面談結果入力,#ffffff,#4a5568,#e2e8f0
HIA総合管理,[緑] 面談対象者一覧,詳細表示,#15803d,#ffffff,#15803d
HIA総合管理,[緑] 面談対象者一覧,面談結果入力,#ffffff,#4a5568,#e2e8f0
HIA総合管理,[緑] 面談対象者一覧,詳細表示,#15803d,#ffffff,#15803d
HIA総合管理,[緑] 面談対象者一覧,面談結果入力,#ffffff,#4a5568,#e2e8f0
HIA総合管理,[緑] 面談対象者一覧,詳細表示,#15803d,#ffffff,#15803d
HIA総合管理,[緑] 面談対象者一覧,面談結果入力,#ffffff,#4a5568,#e2e8f0
HIA総合管理,[緑] 面談対象者一覧,詳細表示,#15803d,#ffffff,#15803d
HIA総合管理,[緑] 面談対象者一覧,面談結果入力,#ffffff,#4a5568,#e2e8f0
HIA総合管理,[緑] 面談対象者一覧,詳細表示,#15803d,#ffffff,#15803d
HIA総合管理,[緑] 面談対象者一覧,面談結果入力,#ffffff,#4a5568,#e2e8f0
HIA総合管理,[緑] 健診受診管理,定期健診,#15803d,#ffffff,#15803d
HIA総合管理,[緑] 健診受診管理,深夜健診,#ffffff,#4a5568,#e2e8f0
HIA総合管理,[緑] 健診受診管理,面談対象者一覧,#ffffff,#4a5568,#e2e8f0
HIA総合管理,[緑] 健診受診管理,CSV出力,#ffffff,#4a5568,#e2e8f0
HIA総合管理,[緑] 健診受診管理,絞り込む,#15803d,#ffffff,#15803d
HIA総合管理,[緑] 健診受診管理,条件をクリア,#ffffff,#4a5568,#e2e8f0
HIA総合管理,[緑] 健診受診管理,結果票,#ffffff,#4a5568,#e2e8f0
HIA総合管理,[緑] 健診受診管理,結果票,#ffffff,#4a5568,#e2e8f0
HIA総合管理,[緑] 健診受診管理,結果票,#ffffff,#4a5568,#e2e8f0
HIA総合管理,[緑] 健診受診管理,結果票,#ffffff,#4a5568,#e2e8f0
HIA総合管理,[緑] 健診受診管理,結果票,#ffffff,#4a5568,#e2e8f0
HIA総合管理,[緑] 健診受診管理,結果票,#ffffff,#4a5568,#e2e8f0
HIA総合管理,[緑] 健診受診管理,結果票,#ffffff,#4a5568,#e2e8f0
HIA総合管理,[緑] 健診受診管理,結果票,#ffffff,#4a5568,#e2e8f0
HIA総合管理,[緑] 健診受診管理,結果票,#ffffff,#4a5568,#e2e8f0
HIA総合管理,[緑] 健診受診管理,結果票,#ffffff,#4a5568,#e2e8f0
HIA総合管理,[緑] 健診受診管理,結果票,#ffffff,#4a5568,#e2e8f0
HIA総合管理,[緑] 健診受診管理,結果票,#ffffff,#4a5568,#e2e8f0
HIA総合管理,[緑] 健診受診管理,結果票,#ffffff,#4a5568,#e2e8f0
HIA総合管理,[緑] 健診受診管理,結果票,#ffffff,#4a5568,#e2e8f0
HIA総合管理,[緑] 健診受診管理,結果票,#ffffff,#4a5568,#e2e8f0
HIA総合管理,[緑] 健診受診管理,結果票,#ffffff,#4a5568,#e2e8f0
HIA総合管理,[緑] 健診受診管理,結果票,#ffffff,#4a5568,#e2e8f0
HIA総合管理,[緑] 健診受診管理,結果票,#ffffff,#4a5568,#e2e8f0
HIA総合管理,[緑] 健診受診管理,結果票,#ffffff,#4a5568,#e2e8f0
HIA総合管理,[緑] 健診受診管理,結果票,#ffffff,#4a5568,#e2e8f0
HIA総合管理,[緑] 健診受診管理,結果票,#ffffff,#4a5568,#e2e8f0
HIA総合管理,[緑] 健診受診管理,結果票,#ffffff,#4a5568,#e2e8f0
HIA総合管理,[緑] 健診受診管理,結果票,#ffffff,#4a5568,#e2e8f0
HIA総合管理,[緑] 健診受診管理,結果票,#ffffff,#4a5568,#e2e8f0
HIA総合管理,[緑] 健診受診管理,結果票,#ffffff,#4a5568,#e2e8f0
HIA総合管理,[緑] 健診受診管理,結果票,#ffffff,#4a5568,#e2e8f0
HIA総合管理,[緑] 健診受診管理,結果票,#ffffff,#4a5568,#e2e8f0
HIA総合管理,[緑] 健診受診管理,結果票,#ffffff,#4a5568,#e2e8f0
HIA総合管理,[緑] 健診受診管理,結果票,#ffffff,#4a5568,#e2e8f0
HIA総合管理,[緑] 健診受診管理,結果票,#ffffff,#4a5568,#e2e8f0
HIA総合管理,[緑] 健診受診管理,結果票,#ffffff,#4a5568,#e2e8f0
HIA総合管理,[緑] 健診受診管理,結果票,#ffffff,#4a5568,#e2e8f0
HIA総合管理,[緑] 健診受診管理,結果票,#ffffff,#4a5568,#e2e8f0
HIA総合管理,[緑] 健診受診管理,結果票,#ffffff,#4a5568,#e2e8f0
HIA総合管理,[緑] 健診受診管理,結果票,#ffffff,#4a5568,#e2e8f0
HIA総合管理,[緑] 健診受診管理,結果票,#ffffff,#4a5568,#e2e8f0
HIA総合管理,[緑] 健診受診管理,結果票,#ffffff,#4a5568,#e2e8f0
HIA総合管理,[緑] 健診受診管理,結果票,#ffffff,#4a5568,#e2e8f0
HIA総合管理,[緑] 健診受診管理,結果票,#ffffff,#4a5568,#e2e8f0
HIA総合管理,[緑] 健診受診管理,結果票,#ffffff,#4a5568,#e2e8f0
HIA総合管理,[緑] 健診受診管理,結果票,#ffffff,#4a5568,#e2e8f0
HIA総合管理,[緑] 健診受診管理,結果票,#ffffff,#4a5568,#e2e8f0
HIA総合管理,[緑] 健診受診管理,結果票,#ffffff,#4a5568,#e2e8f0
HIA総合管理,[緑] 健診受診管理,結果票,#ffffff,#4a5568,#e2e8f0
HIA総合管理,[緑] 健診受診管理,結果票,#ffffff,#4a5568,#e2e8f0
HIA総合管理,[緑] 健診受診管理,結果票,#ffffff,#4a5568,#e2e8f0
HIA総合管理,[緑] 健診受診管理,結果票,#ffffff,#4a5568,#e2e8f0
HIA総合管理,[緑] 健診受診管理,結果票,#ffffff,#4a5568,#e2e8f0
HIA総合管理,[緑] 健診受診管理,結果票,#ffffff,#4a5568,#e2e8f0
HIA総合管理,[緑] 健診受診管理,結果票,#ffffff,#4a5568,#e2e8f0
HIA総合管理,[緑] 健診受診管理,結果票,#ffffff,#4a5568,#e2e8f0
HIA総合管理,[緑] 健診受診管理,結果票,#ffffff,#4a5568,#e2e8f0
HIA総合管理,[緑] 面談結果入力,対面,#15803d,#ffffff,transparent
HIA総合管理,[緑] 面談結果入力,オンライン,#ffffff,#4a5568,transparent
HIA総合管理,[緑] 面談結果入力,電話,#ffffff,#4a5568,transparent
HIA総合管理,[緑] 面談結果入力,一覧に戻る,#ffffff,#15803d,#bdd4ec
HIA総合管理,[緑] 面談結果入力,次の未入力の方へ 残り11名,#ffffff,#15803d,#bdd4ec
HIA総合管理,[緑] 労基署報告,集計CSV出力,#ffffff,#4a5568,#e2e8f0
HIA総合管理,[緑] メール配信,選択した方にリマインドを送る,#15803d,#ffffff,#15803d
HIA総合管理,[緑] データ取込,面談対象者一覧,#ffffff,#4a5568,#e2e8f0
HIA総合管理,[緑] データ取込,テンプレートCSV,#ffffff,#4a5568,#e2e8f0
HIA総合管理,[緑] データ取込,取込む,#15803d,#ffffff,#15803d
HIA総合管理,[緑] データ取込,連携済みの健診結果から総合判定を作成する（222件）,#ffffff,#4a5568,#e2e8f0
HIA総合管理,[緑] データ取込,判定マスタを反映,#ffffff,#4a5568,#e2e8f0
HIA総合管理,[緑] データ取込,集計をCSV出力,#15803d,#ffffff,#15803d
HIA総合管理,[緑] データ取込,テンプレートCSV,#ffffff,#4a5568,#e2e8f0
HIA総合管理,[緑] データ取込,取込む,#15803d,#ffffff,#15803d
HIA総合管理,[緑] データ取込,テンプレートCSV,#ffffff,#4a5568,#e2e8f0
HIA総合管理,[緑] データ取込,取込む,#15803d,#ffffff,#15803d
HIA総合管理,[緑] ストレスチェック設問,条件をクリア,#ffffff,#4a5568,#e2e8f0
HIA総合管理,[緑] ストレスチェック設問,新規作成,#2f4f4f,#ffffff,#2f4f4f
HIA総合管理,[緑] ストレスチェック設問,削除,#ffffff,#e53e3e,#fed7d7
HIA総合管理,[緑] ストレスチェック設問,削除,#ffffff,#e53e3e,#fed7d7
HIA総合管理,[緑] ストレスチェック設問,削除,#ffffff,#e53e3e,#fed7d7
HIA総合管理,[緑] ストレスチェック設問,削除,#ffffff,#e53e3e,#fed7d7
HIA総合管理,[緑] ストレスチェック設問,削除,#ffffff,#e53e3e,#fed7d7
HIA総合管理,[緑] ストレスチェック設問,削除,#ffffff,#e53e3e,#fed7d7
HIA総合管理,[緑] ストレスチェック設問,削除,#ffffff,#e53e3e,#fed7d7
HIA総合管理,[緑] 加入者健康一覧,ダッシュボードで見る,#ffffff,#4a5568,#e2e8f0
HIA総合管理,[緑] 加入者健康一覧,選択メンバーを一括処理,#15803d,#ffffff,#15803d
HIA総合管理,[緑] 加入者健康一覧,案内を送付,#15803d,#ffffff,#15803d
HIA総合管理,[緑] 加入者健康一覧,対象者出力,#ffffff,#4a5568,#e2e8f0
HIA総合管理,[緑] 加入者健康一覧,対応履歴出力,#ffffff,#4a5568,#e2e8f0
HIA総合管理,[緑] 加入者健康一覧,詳細表示,#15803d,#ffffff,#15803d
HIA総合管理,[緑] 加入者健康一覧,案内を送付,#ffffff,#4a5568,#e2e8f0
HIA総合管理,[緑] 加入者健康一覧,詳細表示,#15803d,#ffffff,#15803d
HIA総合管理,[緑] 加入者健康一覧,案内を送付,#ffffff,#4a5568,#e2e8f0
HIA総合管理,[緑] 加入者健康一覧,未判定,#ffffff,#2f4f4f,#15803d
HIA総合管理,[緑] 加入者健康一覧,詳細表示,#15803d,#ffffff,#15803d
HIA総合管理,[緑] 加入者健康一覧,案内を送付,#ffffff,#4a5568,#e2e8f0
HIA総合管理,[緑] 加入者健康一覧,未判定,#ffffff,#2f4f4f,#15803d
HIA総合管理,[緑] 加入者健康一覧,詳細表示,#15803d,#ffffff,#15803d
HIA総合管理,[緑] 加入者健康一覧,案内を送付,#ffffff,#4a5568,#e2e8f0
HIA総合管理,[緑] 加入者健康一覧,未判定,#ffffff,#2f4f4f,#15803d
HIA総合管理,[緑] 加入者健康一覧,詳細表示,#15803d,#ffffff,#15803d
HIA総合管理,[緑] 加入者健康一覧,案内を送付,#ffffff,#4a5568,#e2e8f0
HIA総合管理,[緑] 加入者健康一覧,未判定,#ffffff,#2f4f4f,#15803d
HIA総合管理,[緑] 加入者健康一覧,詳細表示,#15803d,#ffffff,#15803d
HIA総合管理,[緑] 加入者健康一覧,案内を送付,#ffffff,#4a5568,#e2e8f0
HIA総合管理,[緑] 加入者健康一覧,就業制限,#ffffff,#2a4d9b,#2a4d9b
HIA総合管理,[緑] 加入者健康一覧,詳細表示,#15803d,#ffffff,#15803d
HIA総合管理,[緑] 加入者健康一覧,案内を送付,#ffffff,#4a5568,#e2e8f0
HIA総合管理,[緑] 加入者健康一覧,詳細表示,#15803d,#ffffff,#15803d
HIA総合管理,[緑] 加入者健康一覧,案内を送付,#ffffff,#4a5568,#e2e8f0
HIA総合管理,[緑] 加入者健康一覧,詳細表示,#15803d,#ffffff,#15803d
HIA総合管理,[緑] 加入者健康一覧,案内を送付,#ffffff,#4a5568,#e2e8f0
HIA総合管理,[緑] 加入者健康一覧,詳細表示,#15803d,#ffffff,#15803d
HIA総合管理,[緑] 加入者健康一覧,案内を送付,#ffffff,#4a5568,#e2e8f0
HIA総合管理,[緑] 加入者健康一覧,詳細表示,#15803d,#ffffff,#15803d
HIA総合管理,[緑] 加入者健康一覧,案内を送付,#ffffff,#4a5568,#e2e8f0
HIA総合管理,[緑] 加入者健康一覧,詳細表示,#15803d,#ffffff,#15803d
HIA総合管理,[緑] 加入者健康一覧,案内を送付,#ffffff,#4a5568,#e2e8f0
HIA総合管理,[緑] 加入者健康一覧,詳細表示,#15803d,#ffffff,#15803d
HIA総合管理,[緑] 加入者健康一覧,案内を送付,#ffffff,#4a5568,#e2e8f0
HIA総合管理,[緑] 加入者健康一覧,詳細表示,#15803d,#ffffff,#15803d
HIA総合管理,[緑] 加入者健康一覧,案内を送付,#ffffff,#4a5568,#e2e8f0
HIA総合管理,[緑] 加入者健康一覧,通常勤務,#ffffff,#2a4d9b,#2a4d9b
HIA総合管理,[緑] 加入者健康一覧,詳細表示,#15803d,#ffffff,#15803d
HIA総合管理,[緑] 加入者健康一覧,案内を送付,#ffffff,#4a5568,#e2e8f0
HIA総合管理,[緑] 加入者健康一覧,詳細表示,#15803d,#ffffff,#15803d
HIA総合管理,[緑] 加入者健康一覧,案内を送付,#ffffff,#4a5568,#e2e8f0
HIA総合管理,[緑] 加入者健康一覧,詳細表示,#15803d,#ffffff,#15803d
HIA総合管理,[緑] 加入者健康一覧,案内を送付,#ffffff,#4a5568,#e2e8f0
HIA総合管理,[緑] 加入者健康一覧,詳細表示,#15803d,#ffffff,#15803d
HIA総合管理,[緑] 加入者健康一覧,案内を送付,#ffffff,#4a5568,#e2e8f0
HIA総合管理,[緑] 加入者健康一覧,通常勤務,#ffffff,#2a4d9b,#2a4d9b
HIA総合管理,[緑] 加入者健康一覧,詳細表示,#15803d,#ffffff,#15803d
HIA総合管理,[緑] 加入者健康一覧,案内を送付,#ffffff,#4a5568,#e2e8f0
HIA総合管理,[緑] 加入者健康一覧,詳細表示,#15803d,#ffffff,#15803d
HIA総合管理,[緑] 加入者健康一覧,案内を送付,#ffffff,#4a5568,#e2e8f0
HIA総合管理,[緑] 加入者健康一覧,詳細表示,#15803d,#ffffff,#15803d
HIA総合管理,[緑] 加入者健康一覧,案内を送付,#ffffff,#4a5568,#e2e8f0
HIA総合管理,[緑] 加入者健康一覧,通常勤務,#ffffff,#2a4d9b,#2a4d9b
HIA総合管理,[緑] 加入者健康一覧,詳細表示,#15803d,#ffffff,#15803d
HIA総合管理,[緑] 加入者健康一覧,案内を送付,#ffffff,#4a5568,#e2e8f0
HIA総合管理,[緑] 加入者健康一覧,詳細表示,#15803d,#ffffff,#15803d
HIA総合管理,[緑] 加入者健康一覧,案内を送付,#ffffff,#4a5568,#e2e8f0
HIA総合管理,[緑] 加入者健康一覧,詳細表示,#15803d,#ffffff,#15803d
HIA総合管理,[緑] 加入者健康一覧,案内を送付,#ffffff,#4a5568,#e2e8f0
HIA総合管理,[緑] 加入者健康一覧,詳細表示,#15803d,#ffffff,#15803d
HIA総合管理,[緑] 加入者健康一覧,案内を送付,#ffffff,#4a5568,#e2e8f0
HIA総合管理,[緑] 加入者健康一覧,詳細表示,#15803d,#ffffff,#15803d
HIA総合管理,[緑] 加入者健康一覧,案内を送付,#ffffff,#4a5568,#e2e8f0
HIA総合管理,[緑] 加入者健康一覧,詳細表示,#15803d,#ffffff,#15803d
HIA総合管理,[緑] 加入者健康一覧,案内を送付,#ffffff,#4a5568,#e2e8f0
HIA総合管理,[緑] 加入者健康一覧,詳細表示,#15803d,#ffffff,#15803d
HIA総合管理,[緑] 加入者健康一覧,案内を送付,#ffffff,#4a5568,#e2e8f0
HIA総合管理,[緑] 加入者健康一覧,詳細表示,#15803d,#ffffff,#15803d
HIA総合管理,[緑] 加入者健康一覧,案内を送付,#ffffff,#4a5568,#e2e8f0
HIA総合管理,[緑] 加入者健康一覧,詳細表示,#15803d,#ffffff,#15803d
HIA総合管理,[緑] 加入者健康一覧,案内を送付,#ffffff,#4a5568,#e2e8f0
HIA総合管理,[緑] 加入者健康一覧,詳細表示,#15803d,#ffffff,#15803d
HIA総合管理,[緑] 加入者健康一覧,案内を送付,#ffffff,#4a5568,#e2e8f0
HIA総合管理,[緑] 加入者健康一覧,詳細表示,#15803d,#ffffff,#15803d
HIA総合管理,[緑] 加入者健康一覧,案内を送付,#ffffff,#4a5568,#e2e8f0
HIA総合管理,[緑] 加入者健康一覧,詳細表示,#15803d,#ffffff,#15803d
HIA総合管理,[緑] 加入者健康一覧,案内を送付,#ffffff,#4a5568,#e2e8f0
HIA総合管理,[緑] 加入者健康一覧,要休業,#ffffff,#2a4d9b,#2a4d9b
HIA総合管理,[緑] 加入者健康一覧,詳細表示,#15803d,#ffffff,#15803d
HIA総合管理,[緑] 加入者健康一覧,案内を送付,#ffffff,#4a5568,#e2e8f0
HIA総合管理,[緑] 加入者健康一覧,未判定,#ffffff,#2f4f4f,#15803d
HIA総合管理,[緑] 加入者健康一覧,詳細表示,#15803d,#ffffff,#15803d
HIA総合管理,[緑] 加入者健康一覧,案内を送付,#ffffff,#4a5568,#e2e8f0
HIA総合管理,[緑] 加入者健康一覧,要休業,#ffffff,#2a4d9b,#2a4d9b
HIA総合管理,[緑] 加入者健康一覧,詳細表示,#15803d,#ffffff,#15803d
HIA総合管理,[緑] 加入者健康一覧,案内を送付,#ffffff,#4a5568,#e2e8f0
HIA総合管理,[緑] 加入者健康一覧,詳細表示,#15803d,#ffffff,#15803d
HIA総合管理,[緑] 加入者健康一覧,案内を送付,#ffffff,#4a5568,#e2e8f0
HIA総合管理,[緑] 加入者健康一覧,通常勤務,#ffffff,#2a4d9b,#2a4d9b
HIA総合管理,[緑] 加入者健康一覧,詳細表示,#15803d,#ffffff,#15803d
HIA総合管理,[緑] 加入者健康一覧,案内を送付,#ffffff,#4a5568,#e2e8f0
HIA総合管理,[緑] 加入者健康一覧,未判定,#ffffff,#2f4f4f,#15803d
HIA総合管理,[緑] 加入者健康一覧,詳細表示,#15803d,#ffffff,#15803d
HIA総合管理,[緑] 加入者健康一覧,案内を送付,#ffffff,#4a5568,#e2e8f0
HIA総合管理,[緑] 加入者健康一覧,未判定,#ffffff,#2f4f4f,#15803d
HIA総合管理,[緑] 加入者健康一覧,詳細表示,#15803d,#ffffff,#15803d
HIA総合管理,[緑] 加入者健康一覧,案内を送付,#ffffff,#4a5568,#e2e8f0
HIA総合管理,[緑] 加入者健康一覧,詳細表示,#15803d,#ffffff,#15803d
HIA総合管理,[緑] 加入者健康一覧,案内を送付,#ffffff,#4a5568,#e2e8f0
HIA総合管理,[緑] 加入者健康一覧,詳細表示,#15803d,#ffffff,#15803d
HIA総合管理,[緑] 加入者健康一覧,案内を送付,#ffffff,#4a5568,#e2e8f0
HIA総合管理,[緑] 加入者健康一覧,詳細表示,#15803d,#ffffff,#15803d
HIA総合管理,[緑] 加入者健康一覧,案内を送付,#ffffff,#4a5568,#e2e8f0
HIA総合管理,[緑] 加入者健康一覧,未判定,#ffffff,#2f4f4f,#15803d
HIA総合管理,[緑] 加入者健康一覧,詳細表示,#15803d,#ffffff,#15803d
HIA総合管理,[緑] 加入者健康一覧,案内を送付,#ffffff,#4a5568,#e2e8f0
HIA総合管理,[緑] 加入者健康一覧,未判定,#ffffff,#2f4f4f,#15803d
HIA総合管理,[緑] 加入者健康一覧,詳細表示,#15803d,#ffffff,#15803d
HIA総合管理,[緑] 加入者健康一覧,案内を送付,#ffffff,#4a5568,#e2e8f0
HIA総合管理,[緑] 加入者健康一覧,未判定,#ffffff,#2f4f4f,#15803d
HIA総合管理,[緑] 加入者健康一覧,詳細表示,#15803d,#ffffff,#15803d
HIA総合管理,[緑] 加入者健康一覧,案内を送付,#ffffff,#4a5568,#e2e8f0
HIA総合管理,[緑] 加入者健康一覧,未判定,#ffffff,#2f4f4f,#15803d
HIA総合管理,[緑] 加入者健康一覧,詳細表示,#15803d,#ffffff,#15803d
HIA総合管理,[緑] 加入者健康一覧,案内を送付,#ffffff,#4a5568,#e2e8f0
HIA総合管理,[緑] 加入者健康一覧,詳細表示,#15803d,#ffffff,#15803d
HIA総合管理,[緑] 加入者健康一覧,案内を送付,#ffffff,#4a5568,#e2e8f0
HIA総合管理,[緑] 加入者健康一覧,通常勤務,#ffffff,#2a4d9b,#2a4d9b
HIA総合管理,[緑] 加入者健康一覧,詳細表示,#15803d,#ffffff,#15803d
HIA総合管理,[緑] 加入者健康一覧,案内を送付,#ffffff,#4a5568,#e2e8f0
HIA総合管理,[緑] 加入者健康一覧,詳細表示,#15803d,#ffffff,#15803d
HIA総合管理,[緑] 加入者健康一覧,案内を送付,#ffffff,#4a5568,#e2e8f0
HIA総合管理,[緑] 加入者健康一覧,詳細表示,#15803d,#ffffff,#15803d
HIA総合管理,[緑] 加入者健康一覧,案内を送付,#ffffff,#4a5568,#e2e8f0
HIA総合管理,[緑] 加入者健康一覧,詳細表示,#15803d,#ffffff,#15803d
HIA総合管理,[緑] 加入者健康一覧,案内を送付,#ffffff,#4a5568,#e2e8f0
HIA総合管理,[緑] 加入者マイページ,戻る,#ffffff,#666666,#cccccc
HIA総合管理,[緑] 加入者マイページ,健診・検査値,#f7f8f9,#2f4f4f,#e2e8f0
HIA総合管理,[緑] 加入者マイページ,疾患予測,#ffffff,#4a5568,#e2e8f0
HIA総合管理,[緑] 加入者マイページ,インフル補助,#ffffff,#4a5568,#e2e8f0
HIA総合管理,[緑] 加入者マイページ,労働時間・ストレス,#ffffff,#4a5568,#e2e8f0
HIA総合管理,[緑] 加入者マイページ,面談・対応,#ffffff,#4a5568,#e2e8f0
HIA総合管理,[緑] 加入者マイページ,やり取り・写真,#ffffff,#4a5568,#e2e8f0
HIA総合管理,[緑] 写真の取込（個人ごと）,検索する,#15803d,#ffffff,#15803d
HIA健保管理,[青] 健診代行 ダッシュボード,戻る,#ffffff,#666666,#cccccc
HIA健保管理,[青] 受診対象者一覧,戻る,#ffffff,#666666,#cccccc
HIA健保管理,[青] 受診対象者一覧,全て,#ffffff,#3182ce,#e2e8f0
HIA健保管理,[青] 受診対象者一覧,未予約,#ffffff,#718096,#e2e8f0
HIA健保管理,[青] 受診対象者一覧,予約中,#ffffff,#718096,#e2e8f0
HIA健保管理,[青] 受診対象者一覧,予約確定,#ffffff,#718096,#e2e8f0
HIA健保管理,[青] 受診対象者一覧,受診済み,#ffffff,#718096,#e2e8f0
HIA健保管理,[青] 受診対象者一覧,結果受領済み,#ffffff,#718096,#e2e8f0
HIA健保管理,[青] 受診対象者一覧,除外,#ffffff,#718096,#e2e8f0
HIA健保管理,[青] 受診対象者一覧,案内を送付,#1a365d,#ffffff,transparent
HIA健保管理,[青] 受診対象者一覧,対象者出力,#ffffff,#4a5568,#e2e8f0
HIA健保管理,[青] 受診対象者一覧,詳細表示,#edf2f7,#4a5568,#cbd5e0
HIA健保管理,[青] 受診対象者一覧,案内を送付,#2a4d9b,#ffffff,#2a4d9b
HIA健保管理,[青] 受診対象者一覧,詳細表示,#edf2f7,#4a5568,#cbd5e0
HIA健保管理,[青] 受診対象者一覧,案内を送付,#2a4d9b,#ffffff,#2a4d9b
HIA健保管理,[青] 受診対象者一覧,詳細表示,#edf2f7,#4a5568,#cbd5e0
HIA健保管理,[青] 受診対象者一覧,案内を送付,#2a4d9b,#ffffff,#2a4d9b
HIA健保管理,[青] 受診対象者一覧,詳細表示,#edf2f7,#4a5568,#cbd5e0
HIA健保管理,[青] 受診対象者一覧,案内を送付,#2a4d9b,#ffffff,#2a4d9b
HIA健保管理,[青] 受診対象者一覧,詳細表示,#edf2f7,#4a5568,#cbd5e0
HIA健保管理,[青] 受診対象者一覧,案内を送付,#2a4d9b,#ffffff,#2a4d9b
HIA健保管理,[青] 受診対象者一覧,詳細表示,#edf2f7,#4a5568,#cbd5e0
HIA健保管理,[青] 受診対象者一覧,案内を送付,#2a4d9b,#ffffff,#2a4d9b
HIA健保管理,[青] 受診対象者一覧,詳細表示,#edf2f7,#4a5568,#cbd5e0
HIA健保管理,[青] 受診対象者一覧,案内を送付,#2a4d9b,#ffffff,#2a4d9b
HIA健保管理,[青] 受診対象者一覧,詳細表示,#edf2f7,#4a5568,#cbd5e0
HIA健保管理,[青] 受診対象者一覧,案内を送付,#2a4d9b,#ffffff,#2a4d9b
HIA健保管理,[青] 受診対象者一覧,詳細表示,#edf2f7,#4a5568,#cbd5e0
HIA健保管理,[青] 受診対象者一覧,案内を送付,#2a4d9b,#ffffff,#2a4d9b
HIA健保管理,[青] 受診対象者一覧,詳細表示,#edf2f7,#4a5568,#cbd5e0
HIA健保管理,[青] 受診対象者一覧,案内を送付,#2a4d9b,#ffffff,#2a4d9b
HIA健保管理,[青] 受診対象者一覧,<,#ffffff,#626262,#e2e8f0
HIA健保管理,[青] 受診対象者一覧,1,#1a365d,#ffffff,#1a365d
HIA健保管理,[青] 受診対象者一覧,2,#ffffff,#626262,#e2e8f0
HIA健保管理,[青] 受診対象者一覧,3,#ffffff,#626262,#e2e8f0
HIA健保管理,[青] 受診対象者一覧,>,#ffffff,#626262,#e2e8f0
HIA健保管理,[青] 健診・人間ドック結果出力,戻る,#ffffff,#666666,#cccccc
HIA健保管理,[青] 健診・人間ドック結果出力,出力順設定,#ffffff,#4a5568,#e2e8f0
HIA健保管理,[青] 健診・人間ドック結果出力,一括出力,#ffffff,#1a365d,#1a365d
HIA健保管理,[青] 健診・人間ドック結果出力,CSV,#ffffff,#3182ce,#3182ce
HIA健保管理,[青] 健診・人間ドック結果出力,XML,#1a365d,#ffffff,#1a365d
HIA健保管理,[青] 健診・人間ドック結果出力,CSV,#ffffff,#3182ce,#3182ce
HIA健保管理,[青] 健診・人間ドック結果出力,XML,#1a365d,#ffffff,#1a365d
HIA健保管理,[青] 健診・人間ドック結果出力,CSV,#ffffff,#3182ce,#3182ce
HIA健保管理,[青] 健診・人間ドック結果出力,XML,#1a365d,#ffffff,#1a365d
HIA健保管理,[青] 健診・人間ドック結果出力,CSV,#ffffff,#3182ce,#3182ce
HIA健保管理,[青] 健診・人間ドック結果出力,XML,#1a365d,#ffffff,#1a365d
HIA健保管理,[青] 健診・人間ドック結果出力,CSV,#ffffff,#3182ce,#3182ce
HIA健保管理,[青] 健診・人間ドック結果出力,XML,#1a365d,#ffffff,#1a365d
HIA健保管理,[青] 健診・人間ドック結果出力,CSV,#ffffff,#3182ce,#3182ce
HIA健保管理,[青] 健診・人間ドック結果出力,XML,#1a365d,#ffffff,#1a365d
HIA健保管理,[青] 健診・人間ドック結果出力,CSV,#ffffff,#3182ce,#3182ce
HIA健保管理,[青] 健診・人間ドック結果出力,XML,#1a365d,#ffffff,#1a365d
HIA健保管理,[青] 健診・人間ドック結果出力,CSV,#ffffff,#3182ce,#3182ce
HIA健保管理,[青] 健診・人間ドック結果出力,XML,#1a365d,#ffffff,#1a365d
HIA健保管理,[青] 健診・人間ドック結果出力,CSV,#ffffff,#3182ce,#3182ce
HIA健保管理,[青] 健診・人間ドック結果出力,XML,#1a365d,#ffffff,#1a365d
HIA健保管理,[青] 健診・人間ドック結果出力,CSV,#ffffff,#3182ce,#3182ce
HIA健保管理,[青] 健診・人間ドック結果出力,XML,#1a365d,#ffffff,#1a365d
HIA健保管理,[青] 健診・人間ドック結果出力,CSV,#ffffff,#3182ce,#3182ce
HIA健保管理,[青] 健診・人間ドック結果出力,XML,#1a365d,#ffffff,#1a365d
HIA健保管理,[青] 健診・人間ドック結果出力,CSV,#ffffff,#3182ce,#3182ce
HIA健保管理,[青] 健診・人間ドック結果出力,XML,#1a365d,#ffffff,#1a365d
HIA健保管理,[青] 健診・人間ドック結果出力,<,#ffffff,#626262,#e2e8f0
HIA健保管理,[青] 健診・人間ドック結果出力,1,#1a365d,#ffffff,#1a365d
HIA健保管理,[青] 健診・人間ドック結果出力,2,#ffffff,#626262,#e2e8f0
HIA健保管理,[青] 健診・人間ドック結果出力,3,#ffffff,#626262,#e2e8f0
HIA健保管理,[青] 健診・人間ドック結果出力,>,#ffffff,#626262,#e2e8f0
HIA健保管理,[青] 請求・請求明細 健診,戻る,#ffffff,#666666,#cccccc
HIA健保管理,[青] 請求・請求明細 健診,一括出力,#ffffff,#1a365d,#1a365d
HIA健保管理,[青] 請求・請求明細 健診,請求書出力,#1a365d,#ffffff,transparent
HIA健保管理,[青] 請求・請求明細 健診,請求書出力,#1a365d,#ffffff,transparent
HIA健保管理,[青] 請求・請求明細 健診,請求書出力,#1a365d,#ffffff,transparent
HIA健保管理,[青] 請求・請求明細 健診,<,#ffffff,#626262,#e2e8f0
HIA健保管理,[青] 請求・請求明細 健診,1,#1a365d,#ffffff,#1a365d
HIA健保管理,[青] 請求・請求明細 健診,2,#ffffff,#626262,#e2e8f0
HIA健保管理,[青] 請求・請求明細 健診,3,#ffffff,#626262,#e2e8f0
HIA健保管理,[青] 請求・請求明細 健診,>,#ffffff,#626262,#e2e8f0
HIA健保管理,[青] 特定保健指導 ダッシュボード,戻る,#ffffff,#666666,#cccccc
HIA健保管理,[青] 特定保健指導 対象者一覧,戻る,#ffffff,#666666,#cccccc
HIA健保管理,[青] 特定保健指導 対象者一覧,全て,#ffffff,#3182ce,#e2e8f0
HIA健保管理,[青] 特定保健指導 対象者一覧,未予約,#ffffff,#718096,#e2e8f0
HIA健保管理,[青] 特定保健指導 対象者一覧,初回面談,#ffffff,#718096,#e2e8f0
HIA健保管理,[青] 特定保健指導 対象者一覧,支援中,#ffffff,#718096,#e2e8f0
HIA健保管理,[青] 特定保健指導 対象者一覧,最終評価,#ffffff,#718096,#e2e8f0
HIA健保管理,[青] 特定保健指導 対象者一覧,中断・除外,#ffffff,#718096,#e2e8f0
HIA健保管理,[青] 特定保健指導 対象者一覧,案内を送付,#1a365d,#ffffff,transparent
HIA健保管理,[青] 特定保健指導 対象者一覧,対象者出力,#ffffff,#4a5568,#e2e8f0
HIA健保管理,[青] 特定保健指導 対象者一覧,詳細表示,#edf2f7,#4a5568,#cbd5e0
HIA健保管理,[青] 特定保健指導 対象者一覧,案内を送付,#2a4d9b,#ffffff,#2a4d9b
HIA健保管理,[青] 特定保健指導 対象者一覧,詳細表示,#edf2f7,#4a5568,#cbd5e0
HIA健保管理,[青] 特定保健指導 対象者一覧,案内を送付,#2a4d9b,#ffffff,#2a4d9b
HIA健保管理,[青] 特定保健指導 対象者一覧,詳細表示,#edf2f7,#4a5568,#cbd5e0
HIA健保管理,[青] 特定保健指導 対象者一覧,案内を送付,#2a4d9b,#ffffff,#2a4d9b
HIA健保管理,[青] 特定保健指導 対象者一覧,詳細表示,#edf2f7,#4a5568,#cbd5e0
HIA健保管理,[青] 特定保健指導 対象者一覧,案内を送付,#2a4d9b,#ffffff,#2a4d9b
HIA健保管理,[青] 特定保健指導 対象者一覧,詳細表示,#edf2f7,#4a5568,#cbd5e0
HIA健保管理,[青] 特定保健指導 対象者一覧,案内を送付,#2a4d9b,#ffffff,#2a4d9b
HIA健保管理,[青] 特定保健指導 対象者一覧,詳細表示,#edf2f7,#4a5568,#cbd5e0
HIA健保管理,[青] 特定保健指導 対象者一覧,案内を送付,#2a4d9b,#ffffff,#2a4d9b
HIA健保管理,[青] 特定保健指導 対象者一覧,詳細表示,#edf2f7,#4a5568,#cbd5e0
HIA健保管理,[青] 特定保健指導 対象者一覧,案内を送付,#2a4d9b,#ffffff,#2a4d9b
HIA健保管理,[青] 特定保健指導 対象者一覧,詳細表示,#edf2f7,#4a5568,#cbd5e0
HIA健保管理,[青] 特定保健指導 対象者一覧,案内を送付,#2a4d9b,#ffffff,#2a4d9b
HIA健保管理,[青] 特定保健指導 対象者一覧,詳細表示,#edf2f7,#4a5568,#cbd5e0
HIA健保管理,[青] 特定保健指導 対象者一覧,案内を送付,#2a4d9b,#ffffff,#2a4d9b
HIA健保管理,[青] 特定保健指導 対象者一覧,詳細表示,#edf2f7,#4a5568,#cbd5e0
HIA健保管理,[青] 特定保健指導 対象者一覧,案内を送付,#2a4d9b,#ffffff,#2a4d9b
HIA健保管理,[青] 特定保健指導 対象者一覧,詳細表示,#edf2f7,#4a5568,#cbd5e0
HIA健保管理,[青] 特定保健指導 対象者一覧,案内を送付,#2a4d9b,#ffffff,#2a4d9b
HIA健保管理,[青] 特定保健指導 対象者一覧,詳細表示,#edf2f7,#4a5568,#cbd5e0
HIA健保管理,[青] 特定保健指導 対象者一覧,案内を送付,#2a4d9b,#ffffff,#2a4d9b
HIA健保管理,[青] 特定保健指導 対象者一覧,<,#ffffff,#626262,#e2e8f0
HIA健保管理,[青] 特定保健指導 対象者一覧,1,#1a365d,#ffffff,#1a365d
HIA健保管理,[青] 特定保健指導 対象者一覧,2,#ffffff,#626262,#e2e8f0
HIA健保管理,[青] 特定保健指導 対象者一覧,>,#ffffff,#626262,#e2e8f0
HIA健保管理,[青] 特定保健指導結果 XML出力,戻る,#ffffff,#666666,#cccccc
HIA健保管理,[青] 特定保健指導結果 XML出力,単月,#1a365d,#ffffff,transparent
HIA健保管理,[青] 特定保健指導結果 XML出力,期間,#ffffff,#a0aec0,transparent
HIA健保管理,[青] 特定保健指導結果 XML出力,↓ XMLを作成する,#1a365d,#ffffff,transparent
HIA健保管理,[青] 特定保健指導結果 XML出力,一括出力,#ffffff,#4a5568,#e2e8f0
HIA健保管理,[青] 特定保健指導結果 XML出力,<,#ffffff,#626262,#e2e8f0
HIA健保管理,[青] 特定保健指導結果 XML出力,1,#1a365d,#ffffff,#1a365d
HIA健保管理,[青] 特定保健指導結果 XML出力,2,#ffffff,#626262,#e2e8f0
HIA健保管理,[青] 特定保健指導結果 XML出力,3,#ffffff,#626262,#e2e8f0
HIA健保管理,[青] 特定保健指導結果 XML出力,>,#ffffff,#626262,#e2e8f0
HIA健保管理,[青] 保健指導請求書出力,戻る,#ffffff,#666666,#cccccc
HIA健保管理,[青] 保健指導請求書出力,請求書出力,#ffffff,#4a5568,#e2e8f0
HIA健保管理,[青] 保健指導請求書出力,請求書出力,#1a365d,#ffffff,transparent
HIA健保管理,[青] 保健指導請求書出力,請求書出力,#1a365d,#ffffff,transparent
HIA健保管理,[青] 保健指導請求書出力,請求書出力,#1a365d,#ffffff,transparent
HIA健保管理,[青] 健診結果インポート（保健指導用）,戻る,#ffffff,#666666,#cccccc
HIA健保管理,[青] 健診結果インポート（保健指導用）,インポート実行,#1a365d,#ffffff,transparent
HIA健保管理,[青] 労働時間インポート,戻る,#ffffff,#666666,#cccccc
HIA健保管理,[青] ストレスチェック回答インポート,戻る,#ffffff,#666666,#cccccc
HIA健保管理,[青] レセプト情報インポート,戻る,#ffffff,#666666,#cccccc
HIA健保管理,[青] レセプト情報インポート,インポート実行,#1a365d,#ffffff,transparent
HIA健保管理,[青] お問い合わせ先,戻る,#ffffff,#666666,#cccccc
HIA健保管理,[青] メール設定,戻る,#ffffff,#666666,#cccccc
HIA健保管理,[青] メール設定,新規作成,#1a365d,#ffffff,transparent
HIA健保管理,[青] メール設定,編集,#ffffff,#4a5568,#e2e8f0
HIA健保管理,[青] メール設定,削除,#ffffff,#e53e3e,#fed7d7
HIA健保管理,[青] メール設定,編集,#ffffff,#4a5568,#e2e8f0
HIA健保管理,[青] メール設定,削除,#ffffff,#e53e3e,#fed7d7
HIA健保管理,[青] メール設定,編集,#ffffff,#4a5568,#e2e8f0
HIA健保管理,[青] メール設定,削除,#ffffff,#e53e3e,#fed7d7
HIA健保管理,[青] メール設定,編集,#ffffff,#4a5568,#e2e8f0
HIA健保管理,[青] メール設定,削除,#ffffff,#e53e3e,#fed7d7
HIA健保管理,[青] メール設定,編集,#ffffff,#4a5568,#e2e8f0
HIA健保管理,[青] メール設定,削除,#ffffff,#e53e3e,#fed7d7
HIA健保管理,[青] メール設定,編集,#ffffff,#4a5568,#e2e8f0
HIA健保管理,[青] メール設定,削除,#ffffff,#e53e3e,#fed7d7
HIA健保管理,[青] インフル補助 ダッシュボード,戻る,#ffffff,#666666,#cccccc
HIA健保管理,[青] インフル補助 ダッシュボード,申請状況,transparent,#3182ce,transparent
HIA健保管理,[青] インフル補助 ダッシュボード,予約状況,transparent,#718096,transparent
HIA健保管理,[青] インフル補助 予約一覧,戻る,#ffffff,#666666,#cccccc
HIA健保管理,[青] インフル補助 予約一覧,全て,#ffffff,#3182ce,#e2e8f0
HIA健保管理,[青] インフル補助 予約一覧,未予約,#ffffff,#718096,#e2e8f0
HIA健保管理,[青] インフル補助 予約一覧,予約済,#ffffff,#718096,#e2e8f0
HIA健保管理,[青] インフル補助 予約一覧,接種済,#ffffff,#718096,#e2e8f0
HIA健保管理,[青] インフル補助 予約一覧,案内を送付,#1a365d,#ffffff,transparent
HIA健保管理,[青] インフル補助 予約一覧,CSV出力,#ffffff,#4a5568,#e2e8f0
HIA健保管理,[青] インフル補助 予約一覧,詳細表示,#edf2f7,#4a5568,#cbd5e0
HIA健保管理,[青] インフル補助 予約一覧,案内を送付,#2a4d9b,#ffffff,#2a4d9b
HIA健保管理,[青] インフル補助 予約一覧,詳細表示,#edf2f7,#4a5568,#cbd5e0
HIA健保管理,[青] インフル補助 予約一覧,案内を送付,#2a4d9b,#ffffff,#2a4d9b
HIA健保管理,[青] インフル補助 予約一覧,詳細表示,#edf2f7,#4a5568,#cbd5e0
HIA健保管理,[青] インフル補助 予約一覧,案内を送付,#2a4d9b,#ffffff,#2a4d9b
HIA健保管理,[青] インフル補助 予約一覧,詳細表示,#edf2f7,#4a5568,#cbd5e0
HIA健保管理,[青] インフル補助 予約一覧,案内を送付,#2a4d9b,#ffffff,#2a4d9b
HIA健保管理,[青] インフル補助 予約一覧,詳細表示,#edf2f7,#4a5568,#cbd5e0
HIA健保管理,[青] インフル補助 予約一覧,案内を送付,#2a4d9b,#ffffff,#2a4d9b
HIA健保管理,[青] インフル補助 予約一覧,詳細表示,#edf2f7,#4a5568,#cbd5e0
HIA健保管理,[青] インフル補助 予約一覧,案内を送付,#2a4d9b,#ffffff,#2a4d9b
HIA健保管理,[青] インフル補助 予約一覧,詳細表示,#edf2f7,#4a5568,#cbd5e0
HIA健保管理,[青] インフル補助 予約一覧,案内を送付,#2a4d9b,#ffffff,#2a4d9b
HIA健保管理,[青] インフル補助 予約一覧,詳細表示,#edf2f7,#4a5568,#cbd5e0
HIA健保管理,[青] インフル補助 予約一覧,案内を送付,#2a4d9b,#ffffff,#2a4d9b
HIA健保管理,[青] インフル補助 予約一覧,詳細表示,#edf2f7,#4a5568,#cbd5e0
HIA健保管理,[青] インフル補助 予約一覧,案内を送付,#2a4d9b,#ffffff,#2a4d9b
HIA健保管理,[青] インフル補助 予約一覧,詳細表示,#edf2f7,#4a5568,#cbd5e0
HIA健保管理,[青] インフル補助 予約一覧,案内を送付,#2a4d9b,#ffffff,#2a4d9b
HIA健保管理,[青] インフル補助 予約一覧,詳細表示,#edf2f7,#4a5568,#cbd5e0
HIA健保管理,[青] インフル補助 予約一覧,案内を送付,#2a4d9b,#ffffff,#2a4d9b
HIA健保管理,[青] インフル補助 予約一覧,詳細表示,#edf2f7,#4a5568,#cbd5e0
HIA健保管理,[青] インフル補助 予約一覧,案内を送付,#2a4d9b,#ffffff,#2a4d9b
HIA健保管理,[青] インフル補助 予約一覧,詳細表示,#edf2f7,#4a5568,#cbd5e0
HIA健保管理,[青] インフル補助 予約一覧,案内を送付,#2a4d9b,#ffffff,#2a4d9b
HIA健保管理,[青] インフル補助 予約一覧,詳細表示,#edf2f7,#4a5568,#cbd5e0
HIA健保管理,[青] インフル補助 予約一覧,案内を送付,#2a4d9b,#ffffff,#2a4d9b
HIA健保管理,[青] インフル補助 予約一覧,詳細表示,#edf2f7,#4a5568,#cbd5e0
HIA健保管理,[青] インフル補助 予約一覧,案内を送付,#2a4d9b,#ffffff,#2a4d9b
HIA健保管理,[青] インフル補助 予約一覧,詳細表示,#edf2f7,#4a5568,#cbd5e0
HIA健保管理,[青] インフル補助 予約一覧,案内を送付,#2a4d9b,#ffffff,#2a4d9b
HIA健保管理,[青] インフル補助 予約一覧,詳細表示,#edf2f7,#4a5568,#cbd5e0
HIA健保管理,[青] インフル補助 予約一覧,案内を送付,#2a4d9b,#ffffff,#2a4d9b
HIA健保管理,[青] インフル補助 予約一覧,詳細表示,#edf2f7,#4a5568,#cbd5e0
HIA健保管理,[青] インフル補助 予約一覧,案内を送付,#2a4d9b,#ffffff,#2a4d9b
HIA健保管理,[青] インフル補助 予約一覧,詳細表示,#edf2f7,#4a5568,#cbd5e0
HIA健保管理,[青] インフル補助 予約一覧,案内を送付,#2a4d9b,#ffffff,#2a4d9b
HIA健保管理,[青] インフル補助 予約一覧,詳細表示,#edf2f7,#4a5568,#cbd5e0
HIA健保管理,[青] インフル補助 予約一覧,案内を送付,#2a4d9b,#ffffff,#2a4d9b
HIA健保管理,[青] インフル補助 予約一覧,詳細表示,#edf2f7,#4a5568,#cbd5e0
HIA健保管理,[青] インフル補助 予約一覧,案内を送付,#2a4d9b,#ffffff,#2a4d9b
HIA健保管理,[青] インフル補助 予約一覧,詳細表示,#edf2f7,#4a5568,#cbd5e0
HIA健保管理,[青] インフル補助 予約一覧,案内を送付,#2a4d9b,#ffffff,#2a4d9b
HIA健保管理,[青] インフル補助 予約一覧,<,#ffffff,#626262,#e2e8f0
HIA健保管理,[青] インフル補助 予約一覧,1,#1a365d,#ffffff,#1a365d
HIA健保管理,[青] インフル補助 予約一覧,>,#ffffff,#626262,#e2e8f0
HIA健保管理,[青] インフル補助 申請一覧,戻る,#ffffff,#666666,#cccccc
HIA健保管理,[青] インフル補助 申請一覧,一括承認,#1a365d,#ffffff,transparent
HIA健保管理,[青] インフル補助 申請一覧,CSV出力,#ffffff,#4a5568,#e2e8f0
HIA健保管理,[青] インフル補助 申請一覧,詳細表示,#edf2f7,#4a5568,#cbd5e0
HIA健保管理,[青] インフル補助 申請一覧,承認,#2a4d9b,#ffffff,#2a4d9b
HIA健保管理,[青] インフル補助 申請一覧,詳細表示,#edf2f7,#4a5568,#cbd5e0
HIA健保管理,[青] インフル補助 申請一覧,承認,#2a4d9b,#ffffff,#2a4d9b
HIA健保管理,[青] インフル補助 申請一覧,詳細表示,#edf2f7,#4a5568,#cbd5e0
HIA健保管理,[青] インフル補助 申請一覧,承認,#2a4d9b,#ffffff,#2a4d9b
HIA健保管理,[青] インフル補助 申請一覧,詳細表示,#edf2f7,#4a5568,#cbd5e0
HIA健保管理,[青] インフル補助 申請一覧,承認済み,#ffffff,#4a5568,#e2e8f0
HIA健保管理,[青] インフル補助 申請一覧,詳細表示,#edf2f7,#4a5568,#cbd5e0
HIA健保管理,[青] インフル補助 申請一覧,承認済み,#ffffff,#4a5568,#e2e8f0
HIA健保管理,[青] インフル補助 申請一覧,詳細表示,#edf2f7,#4a5568,#cbd5e0
HIA健保管理,[青] インフル補助 申請一覧,承認済み,#ffffff,#4a5568,#e2e8f0
HIA健保管理,[青] インフル補助 申請一覧,詳細表示,#edf2f7,#4a5568,#cbd5e0
HIA健保管理,[青] インフル補助 申請一覧,承認,#2a4d9b,#ffffff,#2a4d9b
HIA健保管理,[青] インフル補助 申請一覧,詳細表示,#edf2f7,#4a5568,#cbd5e0
HIA健保管理,[青] インフル補助 申請一覧,承認,#2a4d9b,#ffffff,#2a4d9b
HIA健保管理,[青] インフル補助 申請一覧,詳細表示,#edf2f7,#4a5568,#cbd5e0
HIA健保管理,[青] インフル補助 申請一覧,承認,#2a4d9b,#ffffff,#2a4d9b
HIA健保管理,[青] インフル補助 申請一覧,詳細表示,#edf2f7,#4a5568,#cbd5e0
HIA健保管理,[青] インフル補助 申請一覧,承認済み,#ffffff,#4a5568,#e2e8f0
HIA健保管理,[青] インフル補助 申請一覧,詳細表示,#edf2f7,#4a5568,#cbd5e0
HIA健保管理,[青] インフル補助 申請一覧,承認,#2a4d9b,#ffffff,#2a4d9b
HIA健保管理,[青] インフル補助 申請一覧,詳細表示,#edf2f7,#4a5568,#cbd5e0
HIA健保管理,[青] インフル補助 申請一覧,承認,#2a4d9b,#ffffff,#2a4d9b
HIA健保管理,[青] インフル補助 申請一覧,詳細表示,#edf2f7,#4a5568,#cbd5e0
HIA健保管理,[青] インフル補助 申請一覧,承認,#2a4d9b,#ffffff,#2a4d9b
HIA健保管理,[青] 接種実績アップロード,戻る,#ffffff,#666666,#cccccc
HIA健保管理,[青] 接種実績アップロード,📥 フォーマットをダウンロード,#ffffff,#1a365d,#1a365d
HIA健保管理,[青] 接種実績アップロード,インポート実行（HIADB認証）,#1a365d,#ffffff,transparent
HIA健保管理,[青] インフル補助 請求管理,戻る,#ffffff,#666666,#cccccc
HIA健保管理,[青] インフル補助 請求管理,一括出力,#ffffff,#1a365d,#1a365d
HIA健保管理,[青] インフル補助 請求管理,請求書,#ffffff,#3182ce,#3182ce
HIA健保管理,[青] インフル補助 請求管理,請求明細,#ffffff,#3182ce,#3182ce
HIA健保管理,[青] インフル補助 請求管理,請求書,#ffffff,#3182ce,#3182ce
HIA健保管理,[青] インフル補助 請求管理,請求明細,#ffffff,#3182ce,#3182ce
HIA健保管理,[青] インフル補助 請求管理,請求書,#ffffff,#3182ce,#3182ce
HIA健保管理,[青] インフル補助 請求管理,請求明細,#ffffff,#3182ce,#3182ce
HIA健保管理,[青] アカウント管理,戻る,#ffffff,#666666,#cccccc
HIA健保管理,[青] マイアカウント,戻る,#ffffff,#666666,#cccccc
HIA健保管理,[青] 疾患予測対象者一覧,戻る,#ffffff,#666666,#cccccc
HIA健保管理,[青] 疾患予測対象者一覧,案内を送付,#1a365d,#ffffff,transparent
HIA健保管理,[青] 疾患予測対象者一覧,対象者出力,#ffffff,#4a5568,#e2e8f0
HIA健保管理,[青] 疾患予測対象者一覧,詳細表示,#edf2f7,#4a5568,#cbd5e0
HIA健保管理,[青] 疾患予測対象者一覧,案内を送付,#2a4d9b,#ffffff,#2a4d9b
HIA健保管理,[青] 疾患予測対象者一覧,詳細表示,#edf2f7,#4a5568,#cbd5e0
HIA健保管理,[青] 疾患予測対象者一覧,案内を送付,#2a4d9b,#ffffff,#2a4d9b
HIA健保管理,[青] 疾患予測対象者一覧,詳細表示,#edf2f7,#4a5568,#cbd5e0
HIA健保管理,[青] 疾患予測対象者一覧,案内を送付,#2a4d9b,#ffffff,#2a4d9b
HIA健保管理,[青] 疾患予測対象者一覧,詳細表示,#edf2f7,#4a5568,#cbd5e0
HIA健保管理,[青] 疾患予測対象者一覧,案内を送付,#2a4d9b,#ffffff,#2a4d9b
HIA健保管理,[青] 疾患予測対象者一覧,詳細表示,#edf2f7,#4a5568,#cbd5e0
HIA健保管理,[青] 疾患予測対象者一覧,案内を送付,#2a4d9b,#ffffff,#2a4d9b
HIA健保管理,[青] 疾患予測対象者一覧,<,#ffffff,#626262,#e2e8f0
HIA健保管理,[青] 疾患予測対象者一覧,1,#1a365d,#ffffff,#1a365d
HIA健保管理,[青] 疾患予測対象者一覧,2,#ffffff,#626262,#e2e8f0
HIA健保管理,[青] 疾患予測対象者一覧,3,#ffffff,#626262,#e2e8f0
HIA健保管理,[青] 疾患予測対象者一覧,>,#ffffff,#626262,#e2e8f0
HIA健保管理,[青] 面談ダッシュボード,戻る,#ffffff,#666666,#cccccc
HIA健保管理,[青] 面談対象者一覧,戻る,#ffffff,#666666,#cccccc
HIA健保管理,[青] 面談結果入力,戻る,#ffffff,#666666,#cccccc
HIA健保管理,[青] 労基署報告,戻る,#ffffff,#666666,#cccccc
HIA健保管理,[青] 企業情報 一覧,一括インポート,#ffffff,#4a5568,#e2e8f0
HIA健保管理,[青] 企業情報 一覧,企業を登録する,#1a365d,#ffffff,#1a365d
HIA健保管理,[青] 企業情報 一覧,詳細表示,#edf2f7,#4a5568,#cbd5e0
HIA健保管理,[青] 企業情報 一覧,削除,#ffffff,#e53e3e,#fed7d7
HIA健保管理,[青] 企業情報 一覧,詳細表示,#edf2f7,#4a5568,#cbd5e0
HIA健保管理,[青] 企業情報 一覧,削除,#ffffff,#e53e3e,#fed7d7
HIA健保管理,[青] 企業の登録,キャンセル,#ffffff,#666666,#cccccc
HIA健保管理,[青] 企業の登録,登録,#1a365d,#ffffff,#1a365d
HIA健保管理,[青] 事業所情報 一覧,一括インポート,#ffffff,#4a5568,#e2e8f0
HIA健保管理,[青] 事業所情報 一覧,事業所を登録する,#1a365d,#ffffff,#1a365d
HIA健保管理,[青] 事業所情報 一覧,詳細表示,#edf2f7,#4a5568,#cbd5e0
HIA健保管理,[青] 事業所情報 一覧,削除,#ffffff,#e53e3e,#fed7d7
HIA健保管理,[青] 事業所情報 一覧,詳細表示,#edf2f7,#4a5568,#cbd5e0
HIA健保管理,[青] 事業所情報 一覧,削除,#ffffff,#e53e3e,#fed7d7
HIA健保管理,[青] 事業所情報 一覧,詳細表示,#edf2f7,#4a5568,#cbd5e0
HIA健保管理,[青] 事業所情報 一覧,削除,#ffffff,#e53e3e,#fed7d7
HIA健保管理,[青] 事業所情報 一覧,詳細表示,#edf2f7,#4a5568,#cbd5e0
HIA健保管理,[青] 事業所情報 一覧,削除,#ffffff,#e53e3e,#fed7d7
HIA健保管理,[青] 事業所情報 一覧,詳細表示,#edf2f7,#4a5568,#cbd5e0
HIA健保管理,[青] 事業所情報 一覧,削除,#ffffff,#e53e3e,#fed7d7
HIA健保管理,[青] 事業所情報 一覧,詳細表示,#edf2f7,#4a5568,#cbd5e0
HIA健保管理,[青] 事業所情報 一覧,削除,#ffffff,#e53e3e,#fed7d7
HIA健保管理,[青] 事業所情報 一覧,詳細表示,#edf2f7,#4a5568,#cbd5e0
HIA健保管理,[青] 事業所情報 一覧,削除,#ffffff,#e53e3e,#fed7d7
HIA健保管理,[青] 事業所の登録,キャンセル,#ffffff,#666666,#cccccc
HIA健保管理,[青] 事業所の登録,登録,#1a365d,#ffffff,#1a365d
HIA健保管理,[青] 部署情報 一覧,一括インポート,#ffffff,#4a5568,#e2e8f0
HIA健保管理,[青] 部署情報 一覧,部署を登録する,#1a365d,#ffffff,#1a365d
HIA健保管理,[青] 部署情報 一覧,詳細表示,#edf2f7,#4a5568,#cbd5e0
HIA健保管理,[青] 部署情報 一覧,削除,#ffffff,#e53e3e,#fed7d7
HIA健保管理,[青] 部署情報 一覧,詳細表示,#edf2f7,#4a5568,#cbd5e0
HIA健保管理,[青] 部署情報 一覧,削除,#ffffff,#e53e3e,#fed7d7
HIA健保管理,[青] 部署情報 一覧,詳細表示,#edf2f7,#4a5568,#cbd5e0
HIA健保管理,[青] 部署情報 一覧,削除,#ffffff,#e53e3e,#fed7d7
HIA健保管理,[青] 部署情報 一覧,詳細表示,#edf2f7,#4a5568,#cbd5e0
HIA健保管理,[青] 部署情報 一覧,削除,#ffffff,#e53e3e,#fed7d7
HIA健保管理,[青] 部署情報 一覧,詳細表示,#edf2f7,#4a5568,#cbd5e0
HIA健保管理,[青] 部署情報 一覧,削除,#ffffff,#e53e3e,#fed7d7
HIA健保管理,[青] 部署情報 一覧,詳細表示,#edf2f7,#4a5568,#cbd5e0
HIA健保管理,[青] 部署情報 一覧,削除,#ffffff,#e53e3e,#fed7d7
HIA健保管理,[青] 部署情報 一覧,詳細表示,#edf2f7,#4a5568,#cbd5e0
HIA健保管理,[青] 部署情報 一覧,削除,#ffffff,#e53e3e,#fed7d7
HIA健保管理,[青] 部署情報 一覧,詳細表示,#edf2f7,#4a5568,#cbd5e0
HIA健保管理,[青] 部署情報 一覧,削除,#ffffff,#e53e3e,#fed7d7
HIA健保管理,[青] 部署情報 一覧,詳細表示,#edf2f7,#4a5568,#cbd5e0
HIA健保管理,[青] 部署情報 一覧,削除,#ffffff,#e53e3e,#fed7d7
HIA健保管理,[青] 部署情報 一覧,詳細表示,#edf2f7,#4a5568,#cbd5e0
HIA健保管理,[青] 部署情報 一覧,削除,#ffffff,#e53e3e,#fed7d7
HIA健保管理,[青] 部署情報 一覧,詳細表示,#edf2f7,#4a5568,#cbd5e0
HIA健保管理,[青] 部署情報 一覧,削除,#ffffff,#e53e3e,#fed7d7
HIA健保管理,[青] 加入者情報 一覧,選択した 0 件を紐づける,#1a365d,#ffffff,#1a365d
HIA健保管理,[青] 加入者情報 一覧,検索結果すべて（22件）を紐づける,#ffffff,#4a5568,#e2e8f0
HIA健保管理,[青] 加入者情報 一覧,紐づけページ,#ffffff,#4a5568,#e2e8f0
HIA健保管理,[青] 加入者情報 一覧,一括インポート,#ffffff,#4a5568,#e2e8f0
HIA健保管理,[青] 加入者情報 一覧,CSVで出力,#ffffff,#4a5568,#e2e8f0
HIA健保管理,[青] 加入者情報 一覧,加入者情報を登録する,#1a365d,#ffffff,#1a365d
HIA健保管理,[青] 加入者情報 一覧,詳細表示,#edf2f7,#4a5568,#cbd5e0
HIA健保管理,[青] 加入者情報 一覧,削除,#ffffff,#e53e3e,#fed7d7
HIA健保管理,[青] 加入者情報 一覧,詳細表示,#edf2f7,#4a5568,#cbd5e0
HIA健保管理,[青] 加入者情報 一覧,削除,#ffffff,#e53e3e,#fed7d7
HIA健保管理,[青] 加入者情報 一覧,詳細表示,#edf2f7,#4a5568,#cbd5e0
HIA健保管理,[青] 加入者情報 一覧,削除,#ffffff,#e53e3e,#fed7d7
HIA健保管理,[青] 加入者情報 一覧,詳細表示,#edf2f7,#4a5568,#cbd5e0
HIA健保管理,[青] 加入者情報 一覧,削除,#ffffff,#e53e3e,#fed7d7
HIA健保管理,[青] 加入者情報 一覧,詳細表示,#edf2f7,#4a5568,#cbd5e0
HIA健保管理,[青] 加入者情報 一覧,削除,#ffffff,#e53e3e,#fed7d7
HIA健保管理,[青] 加入者情報 一覧,詳細表示,#edf2f7,#4a5568,#cbd5e0
HIA健保管理,[青] 加入者情報 一覧,削除,#ffffff,#e53e3e,#fed7d7
HIA健保管理,[青] 加入者情報 一覧,詳細表示,#edf2f7,#4a5568,#cbd5e0
HIA健保管理,[青] 加入者情報 一覧,削除,#ffffff,#e53e3e,#fed7d7
HIA健保管理,[青] 加入者情報 一覧,詳細表示,#edf2f7,#4a5568,#cbd5e0
HIA健保管理,[青] 加入者情報 一覧,削除,#ffffff,#e53e3e,#fed7d7
HIA健保管理,[青] 加入者情報 一覧,詳細表示,#edf2f7,#4a5568,#cbd5e0
HIA健保管理,[青] 加入者情報 一覧,削除,#ffffff,#e53e3e,#fed7d7
HIA健保管理,[青] 加入者情報 一覧,詳細表示,#edf2f7,#4a5568,#cbd5e0
HIA健保管理,[青] 加入者情報 一覧,削除,#ffffff,#e53e3e,#fed7d7
HIA健保管理,[青] 加入者情報 一覧,詳細表示,#edf2f7,#4a5568,#cbd5e0
HIA健保管理,[青] 加入者情報 一覧,削除,#ffffff,#e53e3e,#fed7d7
HIA健保管理,[青] 加入者情報 一覧,詳細表示,#edf2f7,#4a5568,#cbd5e0
HIA健保管理,[青] 加入者情報 一覧,削除,#ffffff,#e53e3e,#fed7d7
HIA健保管理,[青] 加入者情報 一覧,詳細表示,#edf2f7,#4a5568,#cbd5e0
HIA健保管理,[青] 加入者情報 一覧,削除,#ffffff,#e53e3e,#fed7d7
HIA健保管理,[青] 加入者情報 一覧,詳細表示,#edf2f7,#4a5568,#cbd5e0
HIA健保管理,[青] 加入者情報 一覧,削除,#ffffff,#e53e3e,#fed7d7
HIA健保管理,[青] 加入者情報 一覧,詳細表示,#edf2f7,#4a5568,#cbd5e0
HIA健保管理,[青] 加入者情報 一覧,削除,#ffffff,#e53e3e,#fed7d7
HIA健保管理,[青] 加入者情報 一覧,詳細表示,#edf2f7,#4a5568,#cbd5e0
HIA健保管理,[青] 加入者情報 一覧,削除,#ffffff,#e53e3e,#fed7d7
HIA健保管理,[青] 加入者情報 一覧,詳細表示,#edf2f7,#4a5568,#cbd5e0
HIA健保管理,[青] 加入者情報 一覧,削除,#ffffff,#e53e3e,#fed7d7
HIA健保管理,[青] 加入者情報 一覧,詳細表示,#edf2f7,#4a5568,#cbd5e0
HIA健保管理,[青] 加入者情報 一覧,削除,#ffffff,#e53e3e,#fed7d7
HIA健保管理,[青] 加入者情報 一覧,詳細表示,#edf2f7,#4a5568,#cbd5e0
HIA健保管理,[青] 加入者情報 一覧,削除,#ffffff,#e53e3e,#fed7d7
HIA健保管理,[青] 加入者情報 一覧,詳細表示,#edf2f7,#4a5568,#cbd5e0
HIA健保管理,[青] 加入者情報 一覧,削除,#ffffff,#e53e3e,#fed7d7
HIA健保管理,[青] 加入者情報 一覧,詳細表示,#edf2f7,#4a5568,#cbd5e0
HIA健保管理,[青] 加入者情報 一覧,削除,#ffffff,#e53e3e,#fed7d7
HIA健保管理,[青] 加入者情報 一覧,詳細表示,#edf2f7,#4a5568,#cbd5e0
HIA健保管理,[青] 加入者情報 一覧,削除,#ffffff,#e53e3e,#fed7d7
HIA健保管理,[青] 加入者の登録,キャンセル,#ffffff,#666666,#cccccc
HIA健保管理,[青] 加入者の登録,登録,#1a365d,#ffffff,#1a365d
HIA健保管理,[青] アカウント一覧,アカウント登録,#1a365d,#ffffff,#1a365d
HIA健保管理,[青] アカウント一覧,編集,#e8f0fb,#2563b0,#bdd4ec
HIA健保管理,[青] アカウント一覧,削除,#ffffff,#e53e3e,#fed7d7
HIA健保管理,[青] アカウント一覧,編集,#e8f0fb,#2563b0,#bdd4ec
HIA健保管理,[青] アカウント一覧,削除,#ffffff,#e53e3e,#fed7d7
HIA健保管理,[青] アカウント一覧,編集,#e8f0fb,#2563b0,#bdd4ec
HIA健保管理,[青] アカウント一覧,削除,#ffffff,#e53e3e,#fed7d7
HIA健保管理,[青] アカウント一覧,編集,#e8f0fb,#2563b0,#bdd4ec
HIA健保管理,[青] アカウント一覧,削除,#ffffff,#e53e3e,#fed7d7
HIA健保管理,[青] アカウント一覧,編集,#e8f0fb,#2563b0,#bdd4ec
HIA健保管理,[青] アカウント一覧,削除,#ffffff,#e53e3e,#fed7d7
HIA健保管理,[青] アカウント一覧,自分の情報を編集,#1a365d,#ffffff,#1a365d
HIA健保管理,[青] アカウントの登録,キャンセル,#ffffff,#666666,#cccccc
HIA健保管理,[青] アカウントの登録,確認画面へ進む,#1a365d,#ffffff,#1a365d
HIA健保管理,[青] 健康保険組合 一覧,戻る,#ffffff,#666666,#cccccc
HIA健保管理,[青] 疾患予測 一覧,予測を実行する,#1a365d,#ffffff,#1a365d
HIA健保管理,[青] 疾患予測 一覧,絞り込む,#1a365d,#ffffff,#1a365d
HIA健保管理,[青] 疾患予測 一覧,条件をクリア,#ffffff,#4a5568,#e2e8f0
HIA健保管理,[青] 疾患予測 一覧,CSVで出力,#ffffff,#4a5568,#e2e8f0
HIA健保管理,[青] 疾患予測 一覧,詳細表示,#edf2f7,#4a5568,#cbd5e0
HIA健保管理,[青] 疾患予測 一覧,詳細表示,#edf2f7,#4a5568,#cbd5e0
HIA健保管理,[青] 疾患予測 一覧,詳細表示,#edf2f7,#4a5568,#cbd5e0
HIA健保管理,[青] 疾患予測 一覧,詳細表示,#edf2f7,#4a5568,#cbd5e0
HIA健保管理,[青] 疾患予測 一覧,詳細表示,#edf2f7,#4a5568,#cbd5e0
HIA健保管理,[青] 疾患予測 一覧,詳細表示,#edf2f7,#4a5568,#cbd5e0
HIA健保管理,[青] 疾患予測 一覧,詳細表示,#edf2f7,#4a5568,#cbd5e0
HIA健保管理,[青] 操作ログ,この条件でCSV出力,#ffffff,#4a5568,#e2e8f0
HIA健保管理,[青] 操作ログ,すべてCSV出力,#1a365d,#ffffff,#1a365d
HIA健保管理,[青] マイアカウント（画面）,アカウント管理へ,#ffffff,#4a5568,#e2e8f0
HIA健保管理,[青] マイアカウント（画面）,更新,#1a365d,#ffffff,#1a365d
HIA健保管理,[青] マイアカウント（画面）,パスワードを変更する,#1a365d,#ffffff,#1a365d
HIA健保管理,[青] 機能制御の設定,戻る,#ffffff,#666666,#cccccc
HIA健保管理,[青] 面談対象者一覧（画面）,選択メンバーを一括処理,#1a365d,#ffffff,#1a365d
HIA健保管理,[青] 面談対象者一覧（画面）,詳細表示,#edf2f7,#4a5568,#cbd5e0
HIA健保管理,[青] 面談対象者一覧（画面）,面談結果入力,#ffffff,#4a5568,#e2e8f0
HIA健保管理,[青] 面談対象者一覧（画面）,詳細表示,#edf2f7,#4a5568,#cbd5e0
HIA健保管理,[青] 面談対象者一覧（画面）,面談結果入力,#ffffff,#4a5568,#e2e8f0
HIA健保管理,[青] 面談対象者一覧（画面）,詳細表示,#edf2f7,#4a5568,#cbd5e0
HIA健保管理,[青] 面談対象者一覧（画面）,面談結果入力,#ffffff,#4a5568,#e2e8f0
HIA健保管理,[青] 面談対象者一覧（画面）,詳細表示,#edf2f7,#4a5568,#cbd5e0
HIA健保管理,[青] 面談対象者一覧（画面）,面談結果入力,#ffffff,#4a5568,#e2e8f0
HIA健保管理,[青] 面談対象者一覧（画面）,詳細表示,#edf2f7,#4a5568,#cbd5e0
HIA健保管理,[青] 面談対象者一覧（画面）,面談結果入力,#ffffff,#4a5568,#e2e8f0
HIA健保管理,[青] 面談対象者一覧（画面）,詳細表示,#edf2f7,#4a5568,#cbd5e0
HIA健保管理,[青] 面談対象者一覧（画面）,面談結果入力,#ffffff,#4a5568,#e2e8f0
HIA健保管理,[青] 面談対象者一覧（画面）,詳細表示,#edf2f7,#4a5568,#cbd5e0
HIA健保管理,[青] 面談対象者一覧（画面）,面談結果入力,#ffffff,#4a5568,#e2e8f0
HIA健保管理,[青] 面談対象者一覧（画面）,詳細表示,#edf2f7,#4a5568,#cbd5e0
HIA健保管理,[青] 面談対象者一覧（画面）,面談結果入力,#ffffff,#4a5568,#e2e8f0
HIA健保管理,[青] 面談対象者一覧（画面）,詳細表示,#edf2f7,#4a5568,#cbd5e0
HIA健保管理,[青] 面談対象者一覧（画面）,面談結果入力,#ffffff,#4a5568,#e2e8f0
HIA健保管理,[青] 面談対象者一覧（画面）,詳細表示,#edf2f7,#4a5568,#cbd5e0
HIA健保管理,[青] 面談対象者一覧（画面）,面談結果入力,#ffffff,#4a5568,#e2e8f0
HIA健保管理,[青] 面談対象者一覧（画面）,詳細表示,#edf2f7,#4a5568,#cbd5e0
HIA健保管理,[青] 面談対象者一覧（画面）,面談結果入力,#ffffff,#4a5568,#e2e8f0
HIA健保管理,[青] 面談対象者一覧（画面）,詳細表示,#edf2f7,#4a5568,#cbd5e0
HIA健保管理,[青] 面談対象者一覧（画面）,面談結果入力,#ffffff,#4a5568,#e2e8f0
HIA健保管理,[青] 面談対象者一覧（画面）,詳細表示,#edf2f7,#4a5568,#cbd5e0
HIA健保管理,[青] 面談対象者一覧（画面）,面談結果入力,#ffffff,#4a5568,#e2e8f0
HIA健保管理,[青] 面談対象者一覧（画面）,詳細表示,#edf2f7,#4a5568,#cbd5e0
HIA健保管理,[青] 面談対象者一覧（画面）,面談結果入力,#ffffff,#4a5568,#e2e8f0
HIA健保管理,[青] 面談対象者一覧（画面）,詳細表示,#edf2f7,#4a5568,#cbd5e0
HIA健保管理,[青] 面談対象者一覧（画面）,面談結果入力,#ffffff,#4a5568,#e2e8f0
HIA健保管理,[青] 面談対象者一覧（画面）,詳細表示,#edf2f7,#4a5568,#cbd5e0
HIA健保管理,[青] 面談対象者一覧（画面）,面談結果入力,#ffffff,#4a5568,#e2e8f0
HIA健保管理,[青] 面談対象者一覧（画面）,詳細表示,#edf2f7,#4a5568,#cbd5e0
HIA健保管理,[青] 面談対象者一覧（画面）,面談結果入力,#ffffff,#4a5568,#e2e8f0
HIA健保管理,[青] 面談対象者一覧（画面）,詳細表示,#edf2f7,#4a5568,#cbd5e0
HIA健保管理,[青] 面談対象者一覧（画面）,面談結果入力,#ffffff,#4a5568,#e2e8f0
HIA健保管理,[青] 面談対象者一覧（画面）,詳細表示,#edf2f7,#4a5568,#cbd5e0
HIA健保管理,[青] 面談対象者一覧（画面）,面談結果入力,#ffffff,#4a5568,#e2e8f0
HIA健保管理,[青] 面談対象者一覧（画面）,詳細表示,#edf2f7,#4a5568,#cbd5e0
HIA健保管理,[青] 面談対象者一覧（画面）,面談結果入力,#ffffff,#4a5568,#e2e8f0
HIA健保管理,[青] 面談対象者一覧（画面）,詳細表示,#edf2f7,#4a5568,#cbd5e0
HIA健保管理,[青] 面談対象者一覧（画面）,面談結果入力,#ffffff,#4a5568,#e2e8f0
HIA健保管理,[青] 面談対象者一覧（画面）,詳細表示,#edf2f7,#4a5568,#cbd5e0
HIA健保管理,[青] 面談対象者一覧（画面）,面談結果入力,#ffffff,#4a5568,#e2e8f0
HIA健保管理,[青] 健診受診管理,定期健診,#1a365d,#ffffff,#1a365d
HIA健保管理,[青] 健診受診管理,深夜健診,#ffffff,#4a5568,#e2e8f0
HIA健保管理,[青] 健診受診管理,面談対象者一覧,#ffffff,#4a5568,#e2e8f0
HIA健保管理,[青] 健診受診管理,CSV出力,#ffffff,#4a5568,#e2e8f0
HIA健保管理,[青] 健診受診管理,絞り込む,#1a365d,#ffffff,#1a365d
HIA健保管理,[青] 健診受診管理,条件をクリア,#ffffff,#4a5568,#e2e8f0
HIA健保管理,[青] 健診受診管理,結果票,#ffffff,#4a5568,#e2e8f0
HIA健保管理,[青] 健診受診管理,結果票,#ffffff,#4a5568,#e2e8f0
HIA健保管理,[青] 健診受診管理,結果票,#ffffff,#4a5568,#e2e8f0
HIA健保管理,[青] 健診受診管理,結果票,#ffffff,#4a5568,#e2e8f0
HIA健保管理,[青] 健診受診管理,結果票,#ffffff,#4a5568,#e2e8f0
HIA健保管理,[青] 健診受診管理,結果票,#ffffff,#4a5568,#e2e8f0
HIA健保管理,[青] 健診受診管理,結果票,#ffffff,#4a5568,#e2e8f0
HIA健保管理,[青] 健診受診管理,結果票,#ffffff,#4a5568,#e2e8f0
HIA健保管理,[青] 健診受診管理,結果票,#ffffff,#4a5568,#e2e8f0
HIA健保管理,[青] 健診受診管理,結果票,#ffffff,#4a5568,#e2e8f0
HIA健保管理,[青] 健診受診管理,結果票,#ffffff,#4a5568,#e2e8f0
HIA健保管理,[青] 健診受診管理,結果票,#ffffff,#4a5568,#e2e8f0
HIA健保管理,[青] 健診受診管理,結果票,#ffffff,#4a5568,#e2e8f0
HIA健保管理,[青] 健診受診管理,結果票,#ffffff,#4a5568,#e2e8f0
HIA健保管理,[青] 健診受診管理,結果票,#ffffff,#4a5568,#e2e8f0
HIA健保管理,[青] 健診受診管理,結果票,#ffffff,#4a5568,#e2e8f0
HIA健保管理,[青] 健診受診管理,結果票,#ffffff,#4a5568,#e2e8f0
HIA健保管理,[青] 健診受診管理,結果票,#ffffff,#4a5568,#e2e8f0
HIA健保管理,[青] 健診受診管理,結果票,#ffffff,#4a5568,#e2e8f0
HIA健保管理,[青] 健診受診管理,結果票,#ffffff,#4a5568,#e2e8f0
HIA健保管理,[青] 健診受診管理,結果票,#ffffff,#4a5568,#e2e8f0
HIA健保管理,[青] 健診受診管理,結果票,#ffffff,#4a5568,#e2e8f0
HIA健保管理,[青] 面談結果入力（画面）,対面,#3182ce,#ffffff,transparent
HIA健保管理,[青] 面談結果入力（画面）,オンライン,#ffffff,#4a5568,transparent
HIA健保管理,[青] 面談結果入力（画面）,電話,#ffffff,#4a5568,transparent
HIA健保管理,[青] 面談結果入力（画面）,一覧に戻る,#ffffff,#3182ce,#bdd4ec
HIA健保管理,[青] 面談結果入力（画面）,次の未入力の方へ 残り10名,#ffffff,#3182ce,#bdd4ec
HIA健保管理,[青] 労基署報告（画面）,集計CSV出力,#ffffff,#4a5568,#e2e8f0
HIA健保管理,[青] メール配信,選択した方にリマインドを送る,#1a365d,#ffffff,#1a365d
HIA健保管理,[青] データ取込,面談対象者一覧,#ffffff,#4a5568,#e2e8f0
HIA健保管理,[青] データ取込,テンプレートCSV,#ffffff,#4a5568,#e2e8f0
HIA健保管理,[青] データ取込,取込む,#1a365d,#ffffff,#1a365d
HIA健保管理,[青] データ取込,連携済みの健診結果から総合判定を作成する（42件）,#ffffff,#4a5568,#e2e8f0
HIA健保管理,[青] データ取込,判定マスタを反映,#ffffff,#4a5568,#e2e8f0
HIA健保管理,[青] データ取込,集計をCSV出力,#1a365d,#ffffff,#1a365d
HIA健保管理,[青] データ取込,テンプレートCSV,#ffffff,#4a5568,#e2e8f0
HIA健保管理,[青] データ取込,取込む,#1a365d,#ffffff,#1a365d
HIA健保管理,[青] データ取込,テンプレートCSV,#ffffff,#4a5568,#e2e8f0
HIA健保管理,[青] データ取込,取込む,#1a365d,#ffffff,#1a365d
HIA健保管理,[青] ストレスチェック設問,条件をクリア,#ffffff,#4a5568,#e2e8f0
HIA健保管理,[青] ストレスチェック設問,新規作成,#1a365d,#ffffff,#1a365d
HIA健保管理,[青] ストレスチェック設問,削除,#ffffff,#e53e3e,#fed7d7
HIA健保管理,[青] ストレスチェック設問,削除,#ffffff,#e53e3e,#fed7d7
HIA健保管理,[青] ストレスチェック設問,削除,#ffffff,#e53e3e,#fed7d7
HIA健保管理,[青] ストレスチェック設問,削除,#ffffff,#e53e3e,#fed7d7
HIA健保管理,[青] ストレスチェック設問,削除,#ffffff,#e53e3e,#fed7d7
HIA健保管理,[青] ストレスチェック設問,削除,#ffffff,#e53e3e,#fed7d7
HIA健保管理,[青] ストレスチェック設問,削除,#ffffff,#e53e3e,#fed7d7
HIA健保管理,[青] 加入者健康一覧,ダッシュボードで見る,#ffffff,#4a5568,#e2e8f0
HIA健保管理,[青] 加入者健康一覧,選択メンバーを一括処理,#1a365d,#ffffff,#1a365d
HIA健保管理,[青] 加入者健康一覧,案内を送付,#1a365d,#ffffff,#1a365d
HIA健保管理,[青] 加入者健康一覧,対象者出力,#ffffff,#4a5568,#e2e8f0
HIA健保管理,[青] 加入者健康一覧,対応履歴出力,#ffffff,#4a5568,#e2e8f0
HIA健保管理,[青] 加入者健康一覧,詳細表示,#edf2f7,#4a5568,#cbd5e0
HIA健保管理,[青] 加入者健康一覧,案内を送付,#1a365d,#ffffff,#1a365d
HIA健保管理,[青] 加入者健康一覧,詳細表示,#edf2f7,#4a5568,#cbd5e0
HIA健保管理,[青] 加入者健康一覧,案内を送付,#1a365d,#ffffff,#1a365d
HIA健保管理,[青] 加入者健康一覧,未判定,#ffffff,#1a365d,#3182ce
HIA健保管理,[青] 加入者健康一覧,詳細表示,#edf2f7,#4a5568,#cbd5e0
HIA健保管理,[青] 加入者健康一覧,案内を送付,#1a365d,#ffffff,#1a365d
HIA健保管理,[青] 加入者健康一覧,未判定,#ffffff,#1a365d,#3182ce
HIA健保管理,[青] 加入者健康一覧,詳細表示,#edf2f7,#4a5568,#cbd5e0
HIA健保管理,[青] 加入者健康一覧,案内を送付,#1a365d,#ffffff,#1a365d
HIA健保管理,[青] 加入者健康一覧,未判定,#ffffff,#1a365d,#3182ce
HIA健保管理,[青] 加入者健康一覧,詳細表示,#edf2f7,#4a5568,#cbd5e0
HIA健保管理,[青] 加入者健康一覧,案内を送付,#1a365d,#ffffff,#1a365d
HIA健保管理,[青] 加入者健康一覧,未判定,#ffffff,#1a365d,#3182ce
HIA健保管理,[青] 加入者健康一覧,詳細表示,#edf2f7,#4a5568,#cbd5e0
HIA健保管理,[青] 加入者健康一覧,案内を送付,#1a365d,#ffffff,#1a365d
HIA健保管理,[青] 加入者健康一覧,就業制限,#ffffff,#2a4d9b,#2a4d9b
HIA健保管理,[青] 加入者健康一覧,詳細表示,#edf2f7,#4a5568,#cbd5e0
HIA健保管理,[青] 加入者健康一覧,案内を送付,#1a365d,#ffffff,#1a365d
HIA健保管理,[青] 加入者健康一覧,詳細表示,#edf2f7,#4a5568,#cbd5e0
HIA健保管理,[青] 加入者健康一覧,案内を送付,#1a365d,#ffffff,#1a365d
HIA健保管理,[青] 加入者健康一覧,要休業,#ffffff,#2a4d9b,#2a4d9b
HIA健保管理,[青] 加入者健康一覧,詳細表示,#edf2f7,#4a5568,#cbd5e0
HIA健保管理,[青] 加入者健康一覧,案内を送付,#1a365d,#ffffff,#1a365d
HIA健保管理,[青] 加入者健康一覧,未判定,#ffffff,#1a365d,#3182ce
HIA健保管理,[青] 加入者健康一覧,詳細表示,#edf2f7,#4a5568,#cbd5e0
HIA健保管理,[青] 加入者健康一覧,案内を送付,#1a365d,#ffffff,#1a365d
HIA健保管理,[青] 加入者健康一覧,要休業,#ffffff,#2a4d9b,#2a4d9b
HIA健保管理,[青] 加入者健康一覧,詳細表示,#edf2f7,#4a5568,#cbd5e0
HIA健保管理,[青] 加入者健康一覧,案内を送付,#1a365d,#ffffff,#1a365d
HIA健保管理,[青] 加入者健康一覧,詳細表示,#edf2f7,#4a5568,#cbd5e0
HIA健保管理,[青] 加入者健康一覧,案内を送付,#1a365d,#ffffff,#1a365d
HIA健保管理,[青] 加入者健康一覧,通常勤務,#ffffff,#2a4d9b,#2a4d9b
HIA健保管理,[青] 加入者健康一覧,詳細表示,#edf2f7,#4a5568,#cbd5e0
HIA健保管理,[青] 加入者健康一覧,案内を送付,#1a365d,#ffffff,#1a365d
HIA健保管理,[青] 加入者健康一覧,未判定,#ffffff,#1a365d,#3182ce
HIA健保管理,[青] 加入者健康一覧,詳細表示,#edf2f7,#4a5568,#cbd5e0
HIA健保管理,[青] 加入者健康一覧,案内を送付,#1a365d,#ffffff,#1a365d
HIA健保管理,[青] 加入者健康一覧,未判定,#ffffff,#1a365d,#3182ce
HIA健保管理,[青] 加入者健康一覧,詳細表示,#edf2f7,#4a5568,#cbd5e0
HIA健保管理,[青] 加入者健康一覧,案内を送付,#1a365d,#ffffff,#1a365d
HIA健保管理,[青] 加入者健康一覧,詳細表示,#edf2f7,#4a5568,#cbd5e0
HIA健保管理,[青] 加入者健康一覧,案内を送付,#1a365d,#ffffff,#1a365d
HIA健保管理,[青] 加入者健康一覧,詳細表示,#edf2f7,#4a5568,#cbd5e0
HIA健保管理,[青] 加入者健康一覧,案内を送付,#1a365d,#ffffff,#1a365d
HIA健保管理,[青] 加入者健康一覧,詳細表示,#edf2f7,#4a5568,#cbd5e0
HIA健保管理,[青] 加入者健康一覧,案内を送付,#1a365d,#ffffff,#1a365d
HIA健保管理,[青] 加入者健康一覧,未判定,#ffffff,#1a365d,#3182ce
HIA健保管理,[青] 加入者健康一覧,詳細表示,#edf2f7,#4a5568,#cbd5e0
HIA健保管理,[青] 加入者健康一覧,案内を送付,#1a365d,#ffffff,#1a365d
HIA健保管理,[青] 加入者健康一覧,未判定,#ffffff,#1a365d,#3182ce
HIA健保管理,[青] 加入者健康一覧,詳細表示,#edf2f7,#4a5568,#cbd5e0
HIA健保管理,[青] 加入者健康一覧,案内を送付,#1a365d,#ffffff,#1a365d
HIA健保管理,[青] 加入者健康一覧,未判定,#ffffff,#1a365d,#3182ce
HIA健保管理,[青] 加入者健康一覧,詳細表示,#edf2f7,#4a5568,#cbd5e0
HIA健保管理,[青] 加入者健康一覧,案内を送付,#1a365d,#ffffff,#1a365d
HIA健保管理,[青] 加入者健康一覧,未判定,#ffffff,#1a365d,#3182ce
HIA健保管理,[青] 加入者健康一覧,詳細表示,#edf2f7,#4a5568,#cbd5e0
HIA健保管理,[青] 加入者健康一覧,案内を送付,#1a365d,#ffffff,#1a365d
HIA健保管理,[青] 加入者マイページ,戻る,#ffffff,#666666,#cccccc
HIA健保管理,[青] 健康マイページ（本人）,戻る,#ffffff,#666666,#cccccc
HIA健保管理,[青] 写真の取込（個人ごと）,検索する,#1a365d,#ffffff,#1a365d
